,coolingdegreedays,coolingdegreedaysnormal,date,fog,gdegreedays,hail,heatingdegreedays,heatingdegreedaysnormal,humidity,maxdewpti,maxdewptm,maxhumidity,maxpressurei,maxpressurem,maxtempi,maxtempm,maxvisi,maxvism,maxwspdi,maxwspdm,meandewpti,meandewptm,meanpressurei,meanpressurem,meantempi,meantempm,meanvisi,meanvism,meanwdird,meanwdire,meanwindspdi,meanwindspdm,mindewpti,mindewptm,minhumidity,minpressurei,minpressurem,mintempi,mintempm,minvisi,minvism,minwspdi,minwspdm,monthtodatecoolingdegreedays,monthtodatecoolingdegreedaysnormal,monthtodateheatingdegreedays,monthtodateheatingdegreedaysnormal,monthtodatesnowfalli,monthtodatesnowfallm,precipi,precipm,precipsource,rain,since1jancoolingdegreedays,since1jancoolingdegreedaysnormal,since1julheatingdegreedays,since1julheatingdegreedaysnormal,since1julsnowfalli,since1julsnowfallm,since1sepcoolingdegreedays,since1sepcoolingdegreedaysnormal,since1sepheatingdegreedays,since1sepheatingdegreedaysnormal,snow,snowdepthi,snowdepthm,snowfalli,snowfallm,thunder,tornado
0,0,0,2016-01-01,0,0,0,38,41,,22,-6,88,30.15,1021,29,-2,10,16,24,39,19,-7,30.10,1019,27,-3,6,9,244,,16,25,18,-8,63,30.04,1017,24,-4,1,2,10,16,0,0,38,41,0.70,1.78,0.04,1.02,,0,0,0,1943,2593,10.80,27.43,,,,,1,1.00,2.54,0.70,1.78,0,0
1,0,0,2016-01-02,0,0,0,33,41,,25,-4,78,30.07,1018,35,2,10,16,23,37,22,-6,29.97,1015,32,0,10,16,238,,15,24,21,-6,63,29.82,1010,28,-2,10,16,8,13,0,0,71,82,0.70,1.78,0.00,0.00,,0,0,0,1976,2634,10.80,27.43,,,,,0,1.00,2.54,0.00,0.00,0,0
2,0,0,2016-01-03,0,0,0,36,41,,25,-4,81,30.21,1023,33,1,10,16,23,37,21,-6,30.02,1016,29,-2,10,16,319,,10,16,15,-9,53,29.83,1010,25,-4,5,8,5,8,0,0,107,123,0.70,1.78,T,T,,0,0,0,2012,2675,10.80,27.43,,,,,1,1.00,2.54,T,T,0,0
3,0,0,2016-01-04,0,0,0,48,41,,21,-6,92,30.64,1037,27,-3,10,16,17,27,15,-9,30.38,1029,17,-8,6,9,21,,8,12,7,-14,67,30.20,1023,7,-14,1,2,0,0,0,0,155,164,0.90,2.29,T,T,,0,0,0,2060,2716,11.00,27.94,,,,,1,1.00,2.54,0.20,0.51,0,0
4,0,0,2016-01-05,0,0,0,46,41,,15,-9,84,30.66,1038,29,-2,10,16,16,26,11,-12,30.56,1035,19,-7,10,16,187,,8,12,5,-15,53,30.45,1031,8,-13,10,16,0,0,0,0,201,205,0.90,2.29,0.00,0.00,,0,0,0,2106,2757,11.00,27.94,,,,,0,1.00,2.54,0.00,0.00,0,0
5,0,0,2016-01-06,0,0,0,37,41,,20,-7,73,30.43,1030,36,2,10,16,15,24,15,-9,30.34,1027,28,-2,10,16,193,,8,12,11,-12,51,30.24,1024,20,-7,10,16,5,8,0,0,238,246,0.90,2.29,0.00,0.00,,0,0,0,2143,2798,11.00,27.94,,,,,0,0.00,0.00,0.00,0.00,0,0
6,0,0,2016-01-07,0,0,0,30,41,,22,-6,75,30.24,1024,42,6,10,16,12,19,21,-6,30.17,1022,35,2,10,16,155,,5,8,19,-7,41,30.09,1019,28,-2,10,16,0,0,0,0,268,287,0.90,2.29,0.00,0.00,,0,0,0,2173,2839,11.00,27.94,,,,,0,1.00,2.54,0.00,0.00,0,0
7,0,0,2016-01-08,0,0,0,30,41,,38,3,100,30.07,1018,39,4,10,16,12,19,31,-1,29.87,1011,35,2,6,9,137,,7,11,18,-8,51,29.76,1008,30,-1,1,1,0,0,0,0,298,328,0.90,2.29,0.15,3.81,,1,0,0,2203,2880,11.00,27.94,,,,,0,T,T,0.00,0.00,0,0
8,0,0,2016-01-09,1,0,0,25,41,,41,5,100,29.86,1011,42,6,10,16,13,21,39,4,29.77,1008,40,4,3,4,205,,7,12,36,2,89,29.59,1002,38,3,0,0,0,0,0,0,323,369,0.90,2.29,0.53,13.46,,1,0,0,2228,2921,11.00,27.94,,,,,0,T,T,0.00,0.00,0,0
9,0,0,2016-01-10,0,0,0,38,42,,37,3,92,29.93,1013,38,3,10,16,31,50,18,-8,29.68,1005,27,-3,3,5,308,,18,29,7,-14,61,29.52,1000,16,-9,1,1,9,14,0,0,361,411,1.90,4.83,0.18,4.57,,1,0,0,2266,2963,12.00,30.48,,,,,1,T,T,1.00,2.54,0,0
10,0,0,2016-01-11,0,0,0,52,42,,11,-12,88,30.08,1019,16,-9,10,16,24,39,7,-14,29.95,1014,13,-11,4,6,238,,12,20,1,-17,61,29.72,1006,10,-12,1,1,8,13,0,0,413,453,3.60,9.14,0.08,2.03,,0,0,0,2318,3005,13.70,34.80,,,,,1,2.00,5.08,1.70,4.32,0,0
11,0,0,2016-01-12,1,0,0,47,42,,19,-7,88,30.09,1019,23,-5,10,16,28,45,11,-12,29.70,1006,18,-8,3,5,258,,18,29,5,-15,61,29.54,1000,13,-11,0,0,8,13,0,0,460,495,5.20,13.21,0.08,2.03,,0,0,0,2365,3047,15.30,38.86,,,,,1,4.00,10.16,1.60,4.06,0,0
12,0,0,2016-01-13,0,0,0,50,42,,12,-11,84,30.12,1020,18,-8,10,16,22,35,8,-13,29.99,1015,15,-9,7,11,227,,13,21,4,-16,64,29.81,1009,12,-11,1,1,7,11,0,0,510,537,5.70,14.48,0.03,0.76,,0,0,0,2415,3089,15.80,40.13,,,,,1,4.00,10.16,0.50,1.27,0,0
13,0,0,2016-01-14,0,0,0,39,42,,25,-4,88,29.82,1010,34,1,10,16,17,27,21,-6,29.76,1008,26,-3,8,13,151,,6,9,13,-11,69,29.66,1004,18,-8,3,5,0,0,0,0,549,579,5.70,14.48,T,T,,0,0,0,2454,3131,15.80,40.13,,,,,0,5.00,12.70,T,T,0,0
14,0,0,2016-01-15,1,0,0,33,42,,38,3,100,29.64,1004,42,6,10,16,21,34,32,0,29.47,998,32,0,5,9,198,,10,16,21,-6,73,29.35,994,22,-6,0,0,5,8,0,0,582,621,5.70,14.48,0.05,1.27,,1,0,0,2487,3173,15.80,40.13,,,,,0,3.00,7.62,0.00,0.00,0,0
15,0,0,2016-01-16,0,0,0,35,42,,30,-1,92,29.86,1011,33,1,10,16,21,34,21,-6,29.72,1006,30,-1,10,15,278,,14,22,15,-9,58,29.45,997,26,-3,6,10,9,14,0,0,617,663,5.70,14.48,T,T,,0,0,0,2522,3215,15.80,40.13,,,,,1,0.00,0.00,T,T,0,0
16,0,0,2016-01-17,0,0,0,47,42,,18,-8,80,30.06,1018,26,-3,10,16,24,39,5,-15,29.92,1013,18,-8,6,10,274,,16,25,-1,-18,58,29.81,1009,9,-13,0,1,12,19,0,0,664,705,5.70,14.48,T,T,,0,0,0,2569,3257,15.80,40.13,,,,,1,T,T,T,T,0,0
17,0,0,2016-01-18,0,0,0,54,42,,9,-13,83,30.26,1025,15,-9,10,16,25,40,5,-15,30.14,1021,11,-12,5,8,278,,13,21,1,-17,64,30.03,1017,7,-14,0,1,8,13,0,0,718,747,5.90,14.99,0.01,0.25,,0,0,0,2623,3299,16.00,40.64,,,,,1,T,T,0.20,0.51,0,0
18,0,0,2016-01-19,0,0,0,52,42,,8,-13,87,30.49,1032,21,-6,10,16,14,23,6,-14,30.40,1029,13,-11,10,15,258,,8,12,2,-17,52,30.21,1023,5,-15,3,5,5,8,0,0,770,789,5.90,14.99,T,T,,0,0,0,2675,3341,16.00,40.64,,,,,1,T,T,T,T,0,0
19,0,0,2016-01-20,0,0,0,48,42,,12,-11,88,30.42,1030,22,-6,10,16,8,13,9,-13,30.30,1026,17,-8,8,13,227,,4,7,7,-14,62,30.22,1023,12,-11,2,3,0,0,0,0,818,831,5.90,14.99,T,T,,0,0,0,2723,3383,16.00,40.64,,,,,1,T,T,T,T,0,0
20,0,0,2016-01-21,0,0,0,46,42,,20,-7,88,30.39,1029,26,-3,10,16,13,21,17,-8,30.33,1027,19,-7,5,8,233,,6,9,9,-13,74,30.28,1025,12,-11,2,2,0,0,0,0,864,873,6.00,15.24,0.01,0.25,,0,0,0,2769,3425,16.10,40.89,,,,,1,T,T,0.10,0.25,0,0
21,0,0,2016-01-22,0,0,0,41,42,,21,-6,92,30.34,1027,29,-2,10,16,15,24,17,-8,30.29,1026,24,-4,8,13,44,,6,10,14,-10,58,30.24,1024,18,-8,4,6,0,0,0,0,905,915,6.00,15.24,T,T,,0,0,0,2810,3467,16.10,40.89,,,,,0,T,T,T,T,0,0
22,0,0,2016-01-23,0,0,0,43,42,,19,-7,84,30.24,1024,26,-3,10,16,15,24,17,-8,30.18,1022,22,-6,8,13,4,,6,10,13,-11,68,30.10,1019,17,-8,2,4,0,0,0,0,948,957,6.10,15.49,T,T,,0,0,0,2853,3509,16.20,41.15,,,,,1,T,T,0.10,0.25,0,0
23,0,0,2016-01-24,0,0,0,41,42,,24,-4,84,30.10,1019,32,0,10,16,21,34,18,-8,30.03,1017,24,-4,9,15,226,,8,13,13,-11,58,29.95,1014,15,-9,6,10,0,0,0,0,989,999,6.10,15.49,0.00,0.00,,0,0,0,2894,3551,16.20,41.15,,,,,0,T,T,0.00,0.00,0,0
24,0,0,2016-01-25,0,0,0,32,42,,37,3,100,30.02,1016,40,4,10,16,18,29,28,-2,29.86,1011,33,1,7,11,173,,11,17,20,-7,54,29.66,1004,26,-3,2,3,5,8,0,0,1021,1041,6.10,15.49,0.02,0.51,,1,0,0,2926,3593,16.20,41.15,,,,,0,T,T,0.00,0.00,0,0
25,0,0,2016-01-26,0,0,0,29,42,,40,4,92,30.09,1019,43,6,10,16,30,48,30,-1,29.88,1012,36,2,6,10,243,,18,29,25,-4,75,29.60,1002,29,-2,1,2,10,16,0,0,1050,1083,7.50,19.05,0.10,2.54,,1,0,0,2955,3635,17.60,44.70,,,,,1,0.00,0.00,1.40,3.56,0,0
26,0,0,2016-01-27,0,0,0,38,42,,26,-3,92,30.22,1023,29,-2,10,16,24,39,22,-6,30.11,1020,27,-3,7,12,237,,13,21,15,-9,63,29.88,1012,24,-4,1,1,6,10,0,0,1088,1125,7.70,19.56,0.01,0.25,,0,0,0,2993,3677,17.80,45.21,,,,,1,2.00,5.08,0.20,0.51,0,0
27,0,0,2016-01-28,0,0,0,35,42,,31,-1,89,29.84,1010,34,1,10,16,23,37,25,-4,29.63,1003,30,-1,7,12,252,,14,23,17,-8,68,29.52,1000,26,-3,2,3,8,13,0,0,1123,1167,7.80,19.81,0.04,1.02,,0,0,0,3028,3719,17.90,45.47,,,,,1,1.00,2.54,0.10,0.25,0,0
28,0,0,2016-01-29,0,0,0,40,42,,19,-7,68,29.99,1015,29,-2,10,16,22,35,13,-11,29.88,1012,25,-4,10,16,300,,11,17,10,-12,50,29.72,1006,20,-7,8,13,0,0,0,0,1163,1209,7.80,19.81,T,T,,0,0,0,3068,3761,17.90,45.47,,,,,1,1.00,2.54,T,T,0,0
29,0,0,2016-01-30,0,0,0,27,42,,34,1,82,29.82,1010,47,8,10,16,22,35,28,-2,29.70,1006,38,3,10,16,208,,11,17,20,-7,60,29.65,1004,29,-2,10,16,4,6,0,0,1190,1251,7.80,19.81,0.00,0.00,,0,0,0,3095,3803,17.90,45.47,,,,,0,0.00,0.00,0.00,0.00,0,0
30,0,0,2016-01-31,0,0,0,21,41,,47,8,100,29.72,1006,49,9,10,16,21,34,41,5,29.58,1002,44,7,7,12,203,,10,16,34,1,76,29.46,998,38,3,1,2,0,0,0,0,1211,1292,7.80,19.81,0.12,3.05,,1,0,0,3116,3840,17.90,45.47,,,,,0,0.00,0.00,0.00,0.00,0,0
31,0,0,2016-02-01,0,0,0,30,41,,34,1,92,30.18,1022,44,7,10,16,17,27,30,-1,29.98,1015,35,2,8,13,265,,6,10,23,-5,58,29.76,1008,25,-4,1,2,0,0,0,0,30,41,0.00,0.00,T,T,,0,0,0,3146,3881,17.90,45.47,,,,,0,0.00,0.00,0.00,0.00,0,0
32,0,0,2016-02-02,1,0,0,34,41,,33,1,96,30.24,1024,39,4,10,16,25,40,26,-3,30.07,1018,31,-1,4,6,71,,9,14,21,-6,64,29.58,1002,23,-5,0,0,0,0,0,0,64,82,T,T,0.43,10.92,,1,0,0,3180,3922,17.90,45.47,,,,,0,0.00,0.00,T,T,0,0
33,0,0,2016-02-03,1,0,0,27,41,,40,4,100,29.94,1014,44,7,10,16,32,52,34,1,29.62,1003,38,3,6,9,242,,14,22,28,-2,70,29.44,997,31,-1,0,0,0,0,0,0,91,123,0.10,0.25,0.07,1.78,,1,0,0,3207,3963,18.00,45.72,,,,,1,0.00,0.00,0.10,0.25,0,0
34,0,0,2016-02-04,0,0,0,39,41,,29,-2,92,30.31,1026,32,0,10,16,17,27,24,-4,30.12,1020,26,-3,6,9,274,,8,13,15,-9,68,29.94,1014,20,-7,1,1,0,0,0,0,130,164,2.30,5.84,0.12,3.05,,1,0,0,3246,4004,20.20,51.31,,,,,1,1.00,2.54,2.20,5.59,0,0
35,0,0,2016-02-05,0,0,0,38,41,,28,-2,85,30.36,1028,35,2,10,16,13,21,22,-6,30.32,1027,27,-3,8,13,246,,7,12,13,-11,59,30.29,1026,18,-8,2,2,4,6,0,0,168,205,2.50,6.35,0.01,0.25,,0,0,0,3284,4045,20.40,51.82,,,,,1,2.00,5.08,0.20,0.51,0,0
36,0,,2016-02-06,0,0,0,37,,,25,-4,85,30.31,1026,37,3,10,16,20,32,20,-7,30.23,1024,28,-2,9,15,222,,8,13,16,-9,41,30.12,1020,19,-7,5,8,5,8,,,,,,,0.00,0.00,,0,,,,,,,,,,,0,,,0.00,0.00,0,0
37,0,0,2016-02-07,0,0,0,25,41,,31,-1,76,30.09,1019,47,8,10,16,23,37,28,-2,29.86,1011,40,4,10,16,204,,11,18,26,-3,49,29.69,1005,32,0,9,14,7,11,0,0,229,287,2.50,6.35,0.00,0.00,,0,0,0,3345,4127,20.40,51.82,,,,,0,0.00,0.00,0.00,0.00,0,0
38,0,0,2016-02-08,0,0,0,30,41,,29,-2,92,29.68,1005,40,4,10,16,14,23,28,-2,29.63,1003,35,2,10,16,255,,7,11,26,-3,59,29.59,1002,29,-2,7,11,0,0,0,0,259,328,2.50,6.35,T,T,,0,0,0,3375,4168,20.40,51.82,,,,,1,0.00,0.00,T,T,0,0
39,0,0,2016-02-09,0,0,0,37,40,,30,-1,92,29.78,1008,33,1,10,16,20,32,24,-4,29.62,1003,28,-2,5,8,300,,13,21,16,-9,68,29.54,1000,22,-6,1,2,8,13,0,0,296,368,3.30,8.38,0.07,1.78,,0,0,0,3412,4208,21.20,53.85,,,,,1,1.00,2.54,0.80,2.03,0,0
40,0,0,2016-02-10,0,0,0,48,40,,16,-9,80,30.10,1019,22,-6,10,16,24,39,9,-13,29.87,1011,17,-8,7,11,299,,14,22,1,-17,49,29.74,1007,11,-12,1,1,7,11,0,0,344,408,3.50,8.89,0.01,0.25,,0,0,0,3460,4248,21.40,54.36,,,,,1,1.00,2.54,0.20,0.51,0,0
41,0,0,2016-02-11,0,0,0,48,40,,9,-13,76,30.28,1025,23,-5,10,16,18,29,5,-15,30.22,1023,17,-8,10,16,289,,9,14,2,-17,47,30.11,1020,10,-12,10,16,5,8,0,0,392,448,3.50,8.89,T,T,,0,0,0,3508,4288,21.40,54.36,,,,,0,1.00,2.54,T,T,0,0
42,0,0,2016-02-12,0,0,0,51,40,,15,-9,84,30.33,1027,22,-6,10,16,25,40,9,-13,30.06,1018,14,-10,4,7,294,,15,23,-8,-22,55,29.97,1015,6,-14,0,1,9,14,0,0,443,488,3.90,9.91,0.02,0.51,,0,0,0,3559,4328,21.80,55.37,,,,,1,1.00,2.54,0.40,1.02,0,0
43,0,0,2016-02-13,0,0,0,56,40,,1,-17,79,30.52,1033,15,-9,10,16,22,35,-2,-19,30.47,1032,9,-13,10,16,294,,10,15,-8,-22,51,30.35,1028,2,-17,10,16,0,0,0,0,499,528,3.90,9.91,T,T,,0,0,0,3615,4368,21.80,55.37,,,,,0,2.00,5.08,T,T,0,0
44,0,0,2016-02-14,0,0,0,56,39,,7,-14,87,30.53,1034,18,-8,10,16,18,29,1,-17,30.40,1029,9,-13,10,16,140,,8,13,-4,-20,53,30.18,1022,0,-18,5,8,0,0,0,0,555,567,3.90,9.91,T,T,,0,0,0,3671,4407,21.80,55.37,,,,,1,2.00,5.08,T,T,0,0
45,0,0,2016-02-15,0,0,0,44,39,,23,-5,92,30.16,1021,26,-3,10,16,15,24,16,-9,29.97,1015,21,-6,6,9,165,,7,11,8,-13,73,29.84,1010,15,-9,2,3,0,0,0,0,599,606,4.10,10.41,0.02,0.51,,0,0,0,3715,4446,22.00,55.88,,,,,1,2.00,5.08,0.20,0.51,0,0
46,0,0,2016-02-16,0,0,0,38,39,,25,-4,92,29.94,1014,29,-2,9,14,12,19,23,-5,29.85,1011,27,-3,4,7,296,,4,6,21,-6,75,29.77,1008,25,-4,1,1,0,0,0,0,637,645,5.30,13.46,0.06,1.52,,0,0,0,3753,4485,23.20,58.93,,,,,1,2.00,5.08,1.20,3.05,0,0
47,0,0,2016-02-17,0,0,0,44,39,,25,-4,92,30.42,1030,30,-1,10,16,16,26,18,-8,30.14,1021,21,-6,8,12,311,,6,9,6,-14,46,29.90,1012,11,-12,1,2,0,0,0,0,681,684,5.30,13.46,T,T,,0,0,0,3797,4524,23.20,58.93,,,,,1,3.00,7.62,T,T,0,0
48,0,0,2016-02-18,0,0,0,46,39,,24,-4,84,30.54,1034,34,1,10,16,22,35,13,-11,30.42,1030,19,-7,10,16,148,,11,17,0,-18,51,30.18,1022,4,-16,10,16,0,0,0,0,727,723,5.30,13.46,T,T,,0,0,0,3843,4563,23.20,58.93,,,,,0,2.00,5.08,0.00,0.00,0,0
49,0,0,2016-02-19,0,0,0,18,38,,43,6,69,30.13,1020,60,16,10,16,47,76,33,1,29.73,1007,47,8,10,16,205,,25,40,24,-4,51,29.44,997,33,1,10,16,15,24,0,0,745,761,5.30,13.46,T,T,,0,0,0,3861,4601,23.20,58.93,,,,,0,0.00,0.00,T,T,0,0
50,0,0,2016-02-20,0,0,0,19,38,,34,1,70,29.98,1015,54,12,10,16,31,50,31,-1,29.81,1009,46,8,10,16,258,,16,25,28,-2,38,29.72,1006,38,3,10,16,5,8,0,0,764,799,5.30,13.46,0.00,0.00,,0,0,0,3880,4639,23.20,58.93,,,,,0,0.00,0.00,0.00,0.00,0,0
51,0,0,2016-02-21,0,0,0,28,38,,31,-1,89,30.17,1022,41,5,10,16,15,24,30,-1,30.08,1019,37,3,10,16,12,,6,10,26,-3,60,29.98,1015,32,0,10,16,0,0,0,0,792,837,5.30,13.46,0.00,0.00,,0,0,0,3908,4677,23.20,58.93,,,,,0,0.00,0.00,0.00,0.00,0,0
52,0,0,2016-02-22,0,0,0,30,38,,27,-3,92,30.26,1025,40,4,10,16,17,27,23,-5,30.20,1023,35,2,10,16,75,,8,13,19,-7,48,30.14,1021,29,-2,10,16,0,0,0,0,822,875,5.30,13.46,0.00,0.00,,0,0,0,3938,4715,23.20,58.93,,,,,0,0.00,0.00,0.00,0.00,0,0
53,0,0,2016-02-23,0,0,0,31,37,,24,-4,81,30.22,1023,45,7,10,16,13,21,20,-7,30.15,1021,34,1,10,16,87,,7,10,18,-8,39,30.03,1017,22,-6,10,16,0,0,0,0,853,912,5.30,13.46,0.00,0.00,,0,0,0,3969,4752,23.20,58.93,,,,,0,0.00,0.00,0.00,0.00,0,0
54,0,0,2016-02-24,1,0,0,35,37,,30,-1,100,30.00,1016,32,0,10,16,29,47,27,-3,29.55,1001,30,-1,2,4,18,,19,30,22,-6,69,29.39,995,28,-2,0,0,9,14,0,0,888,949,12.30,31.24,0.65,16.51,,0,0,0,4004,4789,30.20,76.71,,,,,1,0.00,0.00,7.00,17.78,0,0
55,0,0,2016-02-25,0,0,0,36,37,,28,-2,93,30.09,1019,34,1,10,16,25,40,24,-4,29.66,1004,29,-2,4,7,323,,17,27,15,-9,52,29.41,996,24,-4,1,1,10,16,0,0,924,986,15.70,39.88,0.12,3.05,,0,0,0,4040,4826,33.60,85.34,,,,,1,10.00,25.40,3.40,8.64,0,0
56,0,0,2016-02-26,0,0,0,40,36,,20,-7,75,30.25,1024,32,0,10,16,17,27,16,-9,30.17,1022,25,-4,10,16,267,,9,14,11,-12,53,30.09,1019,18,-8,10,16,5,8,0,0,964,1022,15.70,39.88,T,T,,0,0,0,4080,4862,33.60,85.34,,,,,0,8.00,20.32,T,T,0,0
57,0,0,2016-02-27,0,0,0,30,36,,31,-1,81,30.10,1019,44,7,10,16,26,42,24,-4,29.93,1013,35,2,10,16,217,,15,25,18,-8,45,29.80,1009,25,-4,9,14,9,14,0,0,994,1058,15.70,39.88,0.00,0.00,,0,0,0,4110,4898,33.60,85.34,,,,,0,8.00,20.32,0.00,0.00,0,0
58,0,0,2016-02-28,0,0,0,19,36,,48,9,93,29.78,1008,56,13,10,16,26,42,38,3,29.54,1000,46,8,9,15,229,,17,27,30,-1,54,29.41,996,36,2,4,6,12,19,0,0,1013,1094,15.70,39.88,0.13,3.30,,1,0,0,4129,4935,33.60,85.34,,,,,0,6.00,15.24,0.00,0.00,0,0
59,0,0,2016-02-29,0,0,0,31,36,,31,-1,85,30.14,1021,44,7,10,16,36,58,23,-5,29.83,1010,34,1,10,16,294,,16,26,6,-14,46,29.53,1000,24,-4,4,6,8,13,0,0,1044,1130,15.70,39.88,T,T,,0,0,0,4160,4971,33.60,85.34,,,,,1,T,T,T,T,0,0
60,0,0,2016-03-01,1,0,0,43,36,,19,-7,92,30.13,1020,24,-4,10,16,24,39,17,-8,29.86,1011,22,-6,2,3,35,,13,21,10,-12,46,29.66,1004,19,-7,0,0,7,11,0,0,43,36,7.20,18.29,0.59,14.99,,0,0,0,4203,4971,40.80,103.63,,,,,1,2.00,5.08,7.20,18.29,0,0
61,0,0,2016-03-02,0,0,0,46,35,,15,-9,84,30.22,1023,27,-3,10,16,20,32,10,-12,30.10,1019,19,-7,9,14,286,,10,16,6,-14,50,29.89,1012,11,-12,2,3,0,0,0,0,89,71,7.20,18.29,T,T,,0,0,0,4249,5006,40.80,103.63,,,,,1,7.00,17.78,T,T,0,0
62,0,0,2016-03-03,0,0,0,46,35,,22,-6,88,30.22,1023,28,-2,10,16,10,16,16,-9,30.14,1021,19,-7,6,9,59,,4,6,5,-15,57,30.06,1018,9,-13,1,2,0,0,0,0,135,106,7.90,20.07,0.04,1.02,,0,0,0,4295,5041,41.50,105.41,,,,,1,7.00,17.78,0.70,1.78,0,0
63,0,0,2016-03-04,1,0,0,45,35,,19,-7,92,30.25,1024,34,1,10,16,9,14,10,-12,30.18,1022,20,-7,5,8,303,,2,4,3,-16,33,30.12,1020,5,-15,0,0,0,0,0,0,180,141,7.90,20.07,T,T,,0,0,0,4340,5076,41.50,105.41,,,,,1,7.00,17.78,T,T,0,0
64,0,0,2016-03-05,1,0,0,36,34,,28,-2,92,30.29,1026,33,1,9,14,10,16,24,-4,30.12,1020,29,-2,4,6,113,,5,9,14,-10,55,30.05,1017,24,-4,0,1,0,0,0,0,216,175,8.90,22.61,0.09,2.29,,0,0,0,4376,5110,42.50,107.95,,,,,1,8.00,20.32,1.00,2.54,0,0
65,0,0,2016-03-06,1,0,0,37,34,,33,1,92,30.32,1027,41,5,10,16,21,34,20,-7,30.23,1024,28,-2,4,6,194,,8,13,10,-12,64,29.96,1014,14,-10,0,0,0,0,0,0,253,209,8.90,22.61,0.00,0.00,,0,0,0,4413,5144,42.50,107.95,,,,,0,8.00,20.32,0.00,0.00,0,0
66,0,0,2016-03-07,0,0,0,15,34,,44,7,77,29.98,1015,58,14,10,16,22,35,37,3,29.96,1014,50,10,10,16,200,,11,18,32,0,51,29.92,1013,41,5,10,16,6,10,0,0,268,243,8.90,22.61,0.00,0.00,,0,0,0,4428,5178,42.50,107.95,,,,,0,7.00,17.78,0.00,0.00,0,0
67,0,0,2016-03-08,0,9,0,5,33,,50,10,71,30.00,1016,70,21,10,16,25,40,45,7,29.94,1014,60,16,10,16,200,,12,19,39,4,47,29.88,1012,49,9,10,16,6,10,0,0,273,276,8.90,22.61,0.00,0.00,,0,0,0,4433,5211,42.50,107.95,,,,,0,T,T,0.00,0.00,0,0
68,0,0,2016-03-09,0,12,0,3,33,,56,13,93,29.97,1015,68,20,10,16,26,42,52,11,29.92,1013,62,17,10,16,220,,11,18,46,8,58,29.86,1011,56,13,7,11,0,0,0,0,276,309,8.90,22.61,T,T,,1,0,0,4436,5244,42.50,107.95,,,,,0,0.00,0.00,0.00,0.00,0,0
69,0,0,2016-03-10,0,0,0,16,32,,56,13,96,30.19,1022,57,14,10,16,15,24,45,7,30.04,1017,49,9,7,12,331,,7,10,37,3,63,29.95,1014,41,5,1,2,0,0,0,0,292,341,8.90,22.61,T,T,,1,0,0,4452,5276,42.50,107.95,,,,,0,0.00,0.00,0.00,0.00,0,0
70,0,0,2016-03-11,0,0,0,22,32,,37,3,82,30.41,1030,55,13,10,16,14,23,32,0,30.34,1027,43,6,10,16,39,,4,7,27,-3,38,30.21,1023,31,-1,8,13,0,0,0,0,314,373,8.90,22.61,0.00,0.00,,0,0,0,4474,5308,42.50,107.95,,,,,0,0.00,0.00,0.00,0.00,0,0
71,0,0,2016-03-12,1,0,0,21,32,,40,4,96,30.29,1026,59,15,10,16,9,14,34,1,30.19,1022,44,7,6,9,214,,3,5,28,-2,47,30.05,1017,29,-2,0,0,0,0,0,0,335,405,8.90,22.61,0.00,0.00,,0,0,0,4495,5340,42.50,107.95,,,,,0,0.00,0.00,0.00,0.00,0,0
72,0,0,2016-03-13,0,0,0,18,31,,45,7,93,30.05,1017,49,9,10,16,17,27,42,6,29.87,1011,47,8,5,9,102,,9,15,37,3,71,29.71,1006,44,7,2,3,0,0,0,0,353,436,8.90,22.61,1.01,25.65,,1,0,0,4513,5371,42.50,107.95,,,,,0,0.00,0.00,0.00,0.00,0,0
73,0,0,2016-03-14,0,0,0,16,31,,50,10,100,29.77,1008,52,11,10,16,14,23,46,8,29.68,1005,49,9,5,8,207,,7,12,43,6,80,29.64,1004,45,7,1,1,4,6,0,0,369,467,8.90,22.61,0.04,1.02,,1,0,0,4529,5402,42.50,107.95,,,,,0,0.00,0.00,0.00,0.00,0,0
74,0,0,2016-03-15,1,0,0,16,31,,45,7,93,29.88,1012,57,14,10,16,21,34,42,6,29.80,1009,49,9,6,10,50,,8,13,40,4,66,29.70,1006,41,5,0,1,0,0,0,0,385,498,8.90,22.61,0.04,1.02,,0,0,0,4545,5433,42.50,107.95,,,,,0,0.00,0.00,0.00,0.00,0,0
75,0,0,2016-03-16,0,0,0,14,30,,46,8,93,29.72,1006,56,13,10,16,41,66,39,4,29.56,1001,51,11,9,14,195,,22,35,26,-3,35,29.46,998,46,8,5,8,9,14,0,0,399,528,8.90,22.61,0.08,2.03,,1,0,0,4559,5463,42.50,107.95,,,,,0,0.00,0.00,0.00,0.00,0,0
76,0,0,2016-03-17,0,0,0,23,30,,30,-1,82,29.92,1013,50,10,10,16,33,53,28,-2,29.79,1009,42,6,10,16,255,,16,26,24,-4,39,29.71,1006,33,1,10,16,0,0,0,0,422,558,8.90,22.61,T,T,,1,0,0,4582,5493,42.50,107.95,,,,,0,0.00,0.00,0.00,0.00,0,0
77,0,0,2016-03-18,0,0,0,26,29,,32,0,92,30.16,1021,48,9,10,16,14,23,29,-2,30.03,1017,39,4,10,16,20,,6,9,26,-3,53,29.92,1013,29,-2,10,16,0,0,0,0,448,587,8.90,22.61,T,T,,0,0,0,4608,5522,42.50,107.95,,,,,0,0.00,0.00,T,T,0,0
78,0,0,2016-03-19,0,0,0,32,29,,28,-2,81,30.26,1025,40,4,10,16,16,26,20,-7,30.23,1024,33,1,10,16,55,,9,15,17,-8,44,30.15,1021,25,-4,10,16,5,8,0,0,480,616,8.90,22.61,0.00,0.00,,0,0,0,4640,5551,42.50,107.95,,,,,0,0.00,0.00,0.00,0.00,0,0
79,0,0,2016-03-20,0,0,0,32,28,,23,-5,81,30.25,1024,43,6,10,16,15,24,18,-8,30.16,1021,33,1,10,16,343,,7,11,13,-11,29,30.07,1018,22,-6,10,16,4,6,0,0,512,644,8.90,22.61,0.00,0.00,,0,0,0,4672,5579,42.50,107.95,,,,,0,0.00,0.00,0.00,0.00,0,0
80,0,0,2016-03-21,0,0,0,29,28,,22,-6,75,30.16,1021,45,7,10,16,17,27,18,-8,30.11,1020,36,2,10,16,290,,8,13,13,-11,33,30.08,1019,27,-3,10,16,4,6,0,0,541,672,8.90,22.61,0.00,0.00,,0,0,0,4701,5607,42.50,107.95,,,,,0,0.00,0.00,0.00,0.00,0,0
81,0,0,2016-03-22,0,0,0,18,28,,37,3,66,30.08,1019,60,16,10,16,21,34,29,-2,29.85,1011,47,8,10,16,185,,8,12,18,-8,40,29.70,1006,33,1,10,16,0,0,0,0,559,700,8.90,22.61,T,T,,1,0,0,4719,5635,42.50,107.95,,,,,0,0.00,0.00,0.00,0.00,0,0
82,0,0,2016-03-23,0,0,0,25,27,,39,4,96,30.01,1016,47,8,10,16,21,34,33,1,29.93,1013,40,4,6,10,53,,13,21,30,-1,71,29.76,1008,33,1,2,3,0,0,0,0,584,727,8.90,22.61,0.14,3.56,,1,0,0,4744,5662,42.50,107.95,,,,,0,0.00,0.00,0.00,0.00,0,0
83,0,0,2016-03-24,0,0,0,31,27,,37,3,100,29.94,1014,39,4,10,16,18,29,33,1,29.65,1004,34,1,5,8,34,,10,16,28,-2,89,29.40,995,29,-2,1,2,5,8,0,0,615,754,8.90,22.61,0.64,16.26,,1,0,0,4775,5689,42.50,107.95,,,,,0,0.00,0.00,T,T,0,0
84,0,0,2016-03-25,0,0,0,30,26,,29,-2,81,30.20,1023,44,7,10,16,16,26,25,-4,29.99,1015,35,2,9,15,343,,7,10,19,-7,57,29.69,1005,26,-3,2,4,0,0,0,0,645,780,8.90,22.61,T,T,,0,0,0,4805,5715,42.50,107.95,,,,,1,0.00,0.00,T,T,0,0
85,0,0,2016-03-26,0,0,0,26,26,,33,1,92,30.29,1026,52,11,10,16,14,23,29,-2,30.23,1024,39,4,9,15,136,,8,12,26,-3,42,30.19,1022,26,-3,4,6,4,6,0,0,671,806,8.90,22.61,0.00,0.00,,0,0,0,4831,5741,42.50,107.95,,,,,0,0.00,0.00,0.00,0.00,0,0
86,0,0,2016-03-27,0,2,0,13,26,,45,7,82,30.18,1022,70,21,10,16,21,34,37,3,29.97,1015,52,11,10,16,160,,10,16,28,-2,28,29.67,1005,34,1,7,11,6,10,0,0,684,832,8.90,22.61,0.06,1.52,,1,0,0,4844,5767,42.50,107.95,,,,,0,0.00,0.00,0.00,0.00,0,0
87,0,0,2016-03-28,0,0,0,25,25,,44,7,92,30.20,1023,46,8,10,16,23,37,37,3,29.87,1011,40,4,9,15,310,,12,20,29,-2,65,29.62,1003,34,1,5,8,5,8,0,0,709,857,8.90,22.61,0.29,7.37,,1,0,0,4869,5792,42.50,107.95,,,,,0,0.00,0.00,0.00,0.00,0,0
88,0,0,2016-03-29,0,0,0,25,25,,29,-2,85,30.38,1029,51,11,10,16,10,16,25,-4,30.30,1026,40,4,10,16,343,,5,8,22,-6,33,30.21,1023,29,-2,10,16,0,0,0,0,734,882,8.90,22.61,0.00,0.00,,0,0,0,4894,5817,42.50,107.95,,,,,0,0.00,0.00,0.00,0.00,0,0
89,0,0,2016-03-30,0,0,0,17,24,,52,11,80,30.22,1023,61,16,10,16,25,40,34,1,29.93,1013,48,9,10,16,179,,14,22,22,-6,40,29.66,1004,35,2,5,8,6,10,0,0,751,906,8.90,22.61,0.06,1.52,,1,0,0,4911,5841,42.50,107.95,,,,,0,0.00,0.00,0.00,0.00,0,0
90,0,0,2016-03-31,0,6,0,12,24,,56,13,93,29.63,1003,63,17,10,16,32,52,53,12,29.42,996,53,12,6,10,211,,17,28,42,6,72,29.31,992,43,6,1,2,10,16,0,1,763,930,8.90,22.61,1.17,29.72,,1,0,1,4923,5864,42.50,107.95,,,,,0,0.00,0.00,0.00,0.00,1,0
91,0,0,2016-04-01,0,0,0,23,23,,41,5,89,29.73,1007,49,9,10,16,22,35,32,0,29.64,1004,42,6,10,16,275,,13,20,20,-7,34,29.50,999,34,1,10,16,7,11,0,0,23,23,0.00,0.00,0.01,0.25,,1,0,1,4946,5887,42.50,107.95,,,,,0,0.00,0.00,0.00,0.00,0,0
92,0,0,2016-04-02,1,0,0,33,23,,32,0,92,29.93,1013,38,3,10,16,24,39,27,-3,29.58,1002,32,0,5,8,300,,10,17,13,-11,55,29.43,996,25,-4,0,0,0,0,0,0,56,46,1.70,4.32,0.16,4.06,,1,0,1,4979,5910,44.20,112.27,,,,,1,T,T,1.70,4.32,0,0
93,0,0,2016-04-03,0,0,0,29,23,,39,4,89,30.06,1018,52,11,10,16,21,34,23,-5,29.88,1012,36,2,10,16,221,,11,18,13,-11,46,29.59,1002,20,-7,6,10,4,6,0,0,85,69,1.70,4.32,0.04,1.02,,1,0,1,5008,5933,44.20,112.27,,,,,1,1.00,2.54,T,T,0,0
94,0,0,2016-04-04,0,0,0,36,22,,30,-1,92,30.39,1029,33,1,10,16,22,35,23,-5,30.07,1018,29,-2,8,13,31,,12,19,18,-8,63,29.62,1003,24,-4,2,3,0,0,0,0,121,91,1.70,4.32,T,T,,0,0,1,5044,5955,44.20,112.27,,,,,1,0.00,0.00,T,T,0,0
95,0,0,2016-04-05,0,0,0,34,22,,20,-7,84,30.53,1034,42,6,10,16,22,35,16,-9,30.42,1030,31,-1,10,16,142,,7,11,13,-11,32,30.21,1023,19,-7,10,16,0,0,0,0,155,113,1.70,4.32,0.01,0.25,,0,0,1,5078,5977,44.20,112.27,,,,,0,0.00,0.00,T,T,0,0
96,0,0,2016-04-06,0,0,0,25,21,,44,7,93,30.11,1020,47,8,10,16,22,35,34,1,29.68,1005,40,4,7,12,181,,13,20,21,-6,56,29.44,997,32,0,2,4,5,8,0,0,180,134,1.70,4.32,0.04,1.02,,1,0,1,5103,5998,44.20,112.27,,,,,0,0.00,0.00,T,T,0,0
97,0,0,2016-04-07,1,0,0,30,21,,36,2,96,29.78,1008,39,4,10,16,22,35,31,-1,29.54,1000,35,2,5,8,312,,11,17,23,-5,66,29.42,996,31,-1,0,1,5,8,0,0,210,155,1.90,4.83,0.18,4.57,,1,0,1,5133,6019,44.40,112.78,,,,,1,0.00,0.00,0.20,0.51,0,0
98,0,0,2016-04-08,1,0,0,32,21,,31,-1,92,29.83,1010,40,4,10,16,22,35,27,-3,29.77,1008,33,1,5,8,330,,8,13,18,-8,54,29.73,1007,26,-3,0,0,0,0,0,0,242,176,6.60,16.76,0.25,6.35,,0,0,1,5165,6040,49.10,124.71,,,,,1,0.00,0.00,4.70,11.94,0,0
99,0,0,2016-04-09,1,0,0,37,20,,21,-6,88,30.27,1025,32,0,10,16,21,34,16,-9,30.10,1019,28,-2,7,11,341,,9,15,8,-13,36,29.81,1009,23,-5,0,0,0,0,0,0,279,196,6.80,17.27,0.02,0.51,,0,0,1,5202,6060,49.30,125.22,,,,,1,4.00,10.16,0.20,0.51,0,0
100,0,0,2016-04-10,0,0,0,31,20,,38,3,96,30.25,1024,41,5,10,16,25,40,26,-3,29.99,1015,34,1,4,7,160,,14,22,13,-11,50,29.75,1007,27,-3,1,1,8,13,0,0,310,216,7.50,19.05,0.62,15.75,,1,0,1,5233,6080,50.00,127.00,,,,,1,0.00,0.00,0.70,1.78,0,0
101,0,0,2016-04-11,0,0,0,21,19,,46,8,100,30.06,1018,53,12,10,16,29,47,39,4,29.82,1010,44,7,6,10,248,,13,21,22,-6,43,29.74,1007,34,1,1,1,5,8,0,0,331,235,7.50,19.05,0.03,0.76,,1,0,1,5254,6099,50.00,127.00,,,,,0,0.00,0.00,0.00,0.00,0,0
102,0,0,2016-04-12,0,0,0,26,19,,25,-4,72,30.39,1029,47,8,10,16,17,27,23,-5,30.29,1026,39,4,10,16,298,,7,11,21,-6,37,30.09,1019,30,-1,10,16,0,0,0,0,357,254,7.50,19.05,0.00,0.00,,0,0,1,5280,6118,50.00,127.00,,,,,0,0.00,0.00,0.00,0.00,0,0
103,0,0,2016-04-13,0,0,0,24,19,,29,-2,78,30.42,1030,53,12,10,16,15,24,27,-3,30.38,1029,41,5,10,16,146,,7,11,24,-4,38,30.33,1027,29,-2,10,16,0,0,0,0,381,273,7.50,19.05,0.00,0.00,,0,0,1,5304,6137,50.00,127.00,,,,,0,0.00,0.00,0.00,0.00,0,0
104,0,0,2016-04-14,0,0,0,19,18,,31,-1,78,30.41,1030,60,16,10,16,15,24,28,-2,30.34,1027,46,8,10,16,94,,7,10,24,-4,32,30.28,1025,31,-1,10,16,0,0,0,0,400,291,7.50,19.05,0.00,0.00,,0,0,1,5323,6155,50.00,127.00,,,,,0,0.00,0.00,0.00,0.00,0,0
105,0,0,2016-04-15,0,2,0,13,18,,36,2,82,30.34,1027,70,21,10,16,15,24,31,-1,30.30,1026,52,11,10,16,109,,6,9,27,-3,25,30.27,1025,33,1,10,16,0,0,0,0,413,309,7.50,19.05,0.00,0.00,,0,0,1,5336,6173,50.00,127.00,,,,,0,0.00,0.00,0.00,0.00,0,0
106,0,0,2016-04-16,0,7,0,7,17,,38,3,70,30.40,1029,76,24,10,16,13,21,34,1,30.36,1028,58,14,10,16,128,,6,10,31,-1,23,30.32,1027,40,4,10,16,4,6,0,0,420,326,7.50,19.05,0.00,0.00,,0,0,1,5343,6190,50.00,127.00,,,,,0,0.00,0.00,0.00,0.00,0,0
107,0,0,2016-04-17,0,10,0,5,17,,42,6,79,30.47,1032,78,26,10,16,9,14,36,2,30.40,1029,60,16,10,16,119,,3,5,31,-1,21,30.34,1027,41,5,10,16,0,0,0,0,425,343,7.50,19.05,0.00,0.00,,0,0,1,5348,6207,50.00,127.00,,,,,0,0.00,0.00,0.00,0.00,0,0
108,1,0,2016-04-18,0,16,0,0,17,,43,6,68,30.37,1028,81,27,10,16,18,29,42,6,30.29,1026,66,19,10,16,278,,7,11,39,4,25,30.20,1023,50,10,10,16,0,0,1,0,425,360,7.50,19.05,0.00,0.00,,0,1,1,5348,6224,50.00,127.00,,,,,0,0.00,0.00,0.00,0.00,0,0
109,0,0,2016-04-19,0,3,0,12,16,,42,6,76,30.37,1028,62,17,10,16,18,29,38,3,30.30,1026,53,12,10,16,57,,10,16,31,-1,32,30.23,1024,43,6,7,11,4,6,1,0,437,376,7.50,19.05,0.01,0.25,,1,1,1,5360,6240,50.00,127.00,,,,,0,0.00,0.00,0.00,0.00,0,0
110,0,0,2016-04-20,0,6,0,8,16,,33,1,58,30.31,1026,68,20,10,16,20,32,30,-1,30.19,1022,57,14,10,16,116,,10,16,26,-3,24,30.01,1016,45,7,10,16,5,8,1,0,445,392,7.50,19.05,T,T,,0,1,1,5368,6256,50.00,127.00,,,,,0,0.00,0.00,0.00,0.00,0,0
111,0,0,2016-04-21,0,4,0,10,16,,57,14,93,30.02,1016,62,17,10,16,16,26,50,10,29.87,1011,55,13,8,12,188,,7,11,31,-1,36,29.78,1008,48,9,2,3,0,0,1,0,455,408,7.50,19.05,0.25,6.35,,1,1,1,5378,6272,50.00,127.00,,,,,0,0.00,0.00,0.00,0.00,0,0
112,0,0,2016-04-22,1,2,0,16,15,,54,12,100,30.14,1021,57,14,10,16,15,24,50,10,29.93,1013,49,9,5,9,7,,8,13,38,3,74,29.83,1010,41,5,0,0,0,0,1,0,471,423,7.50,19.05,T,T,,1,1,1,5394,6287,50.00,127.00,,,,,0,0.00,0.00,0.00,0.00,0,0
113,0,0,2016-04-23,0,0,0,19,15,,37,3,89,30.25,1024,58,14,10,16,13,21,31,-1,30.19,1022,46,8,10,16,50,,6,9,28,-2,33,30.13,1020,34,1,10,16,0,0,1,0,490,438,7.50,19.05,0.00,0.00,,0,1,1,5413,6302,50.00,127.00,,,,,0,0.00,0.00,0.00,0.00,0,0
114,0,0,2016-04-24,0,4,0,11,15,,38,3,70,30.14,1021,68,20,10,16,15,24,33,1,30.06,1018,54,12,10,16,139,,8,13,25,-4,31,29.94,1014,40,4,10,16,4,6,1,0,501,453,7.50,19.05,0.00,0.00,,0,1,1,5424,6317,50.00,127.00,,,,,0,0.00,0.00,0.00,0.00,0,0
115,0,0,2016-04-25,0,12,0,2,14,,52,11,93,29.95,1014,79,26,10,16,28,45,43,6,29.79,1009,63,17,9,14,128,,10,17,31,-1,36,29.67,1005,46,8,2,4,4,6,1,0,503,467,7.50,19.05,0.20,5.08,,1,1,1,5426,6331,50.00,127.00,,,,,0,0.00,0.00,0.00,0.00,1,0
116,0,0,2016-04-26,1,0,0,21,14,,49,9,100,30.01,1016,51,11,10,16,18,29,42,6,29.81,1009,44,7,5,8,20,,10,15,34,1,76,29.64,1004,36,2,0,0,0,0,1,0,524,481,7.50,19.05,0.02,0.51,,1,1,1,5447,6345,50.00,127.00,,,,,0,0.00,0.00,0.00,0.00,1,0
117,0,0,2016-04-27,0,0,0,18,14,,38,3,89,30.04,1017,60,16,10,16,21,34,30,-1,29.99,1015,47,8,10,16,58,,10,16,24,-4,31,29.93,1013,33,1,10,16,0,0,1,0,542,495,7.50,19.05,0.00,0.00,,0,1,1,5465,6359,50.00,127.00,,,,,0,0.00,0.00,0.00,0.00,0,0
118,0,0,2016-04-28,0,0,0,22,13,,39,4,89,30.06,1018,47,8,10,16,15,24,31,-1,30.00,1016,43,6,9,15,55,,9,15,17,-8,33,29.96,1014,38,3,6,10,6,10,1,0,564,508,7.50,19.05,0.31,7.87,,1,1,1,5487,6372,50.00,127.00,,,,,0,0.00,0.00,0.00,0.00,0,0
119,0,0,2016-04-29,0,0,0,19,13,,39,4,85,30.19,1022,51,11,10,16,14,23,37,3,30.11,1020,46,8,10,16,34,,6,10,34,1,66,30.05,1017,40,4,8,13,0,0,1,0,583,521,7.50,19.05,0.02,0.51,,1,1,1,5506,6385,50.00,127.00,,,,,0,0.00,0.00,0.00,0.00,0,0
120,0,0,2016-04-30,0,0,0,19,13,,46,8,93,30.18,1022,56,13,10,16,16,26,39,4,30.09,1019,46,8,8,12,77,,8,13,32,0,41,30.00,1016,36,2,3,5,0,0,1,6,602,534,7.50,19.05,0.43,10.92,,1,1,7,5525,6398,50.00,127.00,,,,,0,0.00,0.00,0.00,0.00,0,0
121,0,0,2016-05-01,0,0,0,18,12,,47,8,100,30.06,1018,51,11,10,16,17,27,44,7,30.00,1016,47,8,5,8,37,,10,17,38,3,76,29.94,1014,43,6,1,2,6,10,0,0,18,12,0.00,0.00,0.06,1.52,,1,1,7,5543,6410,50.00,127.00,,,,,0,0.00,0.00,0.00,0.00,0,0
122,0,0,2016-05-02,0,0,0,16,12,,43,6,96,30.07,1018,55,13,10,16,16,26,41,5,30.03,1017,49,9,9,15,28,,6,10,39,4,59,29.97,1015,42,6,5,8,0,0,0,0,34,24,0.00,0.00,0.37,9.40,,1,1,7,5559,6422,50.00,127.00,,,,,0,0.00,0.00,0.00,0.00,0,0
123,0,0,2016-05-03,0,1,0,14,12,,43,6,100,30.00,1016,66,19,10,16,18,29,38,3,29.90,1012,51,11,8,13,264,,7,11,32,0,34,29.71,1006,36,2,1,1,0,0,0,0,48,36,0.00,0.00,0.02,0.51,,0,1,7,5573,6434,50.00,127.00,,,,,0,0.00,0.00,0.00,0.00,0,0
124,0,0,2016-05-04,0,0,0,14,11,,48,9,93,29.77,1008,54,12,10,16,20,32,45,7,29.61,1003,51,11,7,11,1,,10,15,37,3,59,29.55,1001,47,8,1,2,0,0,0,0,62,47,0.00,0.00,0.43,10.92,,1,1,7,5587,6445,50.00,127.00,,,,,0,0.00,0.00,0.00,0.00,1,0
125,0,0,2016-05-05,0,6,0,9,11,,48,9,93,29.94,1014,67,19,10,16,17,27,44,7,29.89,1012,56,13,10,16,18,,8,13,42,6,42,29.79,1009,45,7,9,14,0,0,0,0,71,58,0.00,0.00,0.00,0.00,,0,1,7,5596,6456,50.00,127.00,,,,,0,0.00,0.00,0.00,0.00,0,0
126,0,0,2016-05-06,0,6,0,8,11,,46,8,92,29.99,1015,72,22,10,16,10,16,40,4,29.91,1013,57,14,10,16,270,,3,4,35,2,27,29.80,1009,41,5,10,16,0,0,0,0,79,69,0.00,0.00,0.00,0.00,,0,1,7,5604,6467,50.00,127.00,,,,,0,0.00,0.00,0.00,0.00,0,0
127,0,1,2016-05-07,0,11,0,5,11,,52,11,66,29.84,1010,72,22,10,16,21,34,42,6,29.70,1006,60,16,10,16,298,,9,14,26,-3,30,29.63,1003,47,8,10,16,0,0,0,1,84,80,0.00,0.00,T,T,,0,1,8,5609,6478,50.00,127.00,,,,,0,0.00,0.00,0.00,0.00,0,0
128,0,1,2016-05-08,0,2,0,13,10,,35,2,85,30.00,1016,67,19,10,16,24,39,30,-1,29.91,1013,52,11,10,16,280,,8,13,26,-3,24,29.85,1011,37,3,10,16,0,0,0,2,97,90,0.00,0.00,0.00,0.00,,0,1,9,5622,6488,50.00,127.00,,,,,0,0.00,0.00,0.00,0.00,0,0
129,0,1,2016-05-09,0,2,0,13,10,,39,4,79,30.11,1020,67,19,10,16,16,26,34,1,30.07,1018,52,11,10,16,106,,7,11,31,-1,34,29.98,1015,37,3,10,16,0,0,0,3,110,100,0.00,0.00,0.00,0.00,,0,1,10,5635,6498,50.00,127.00,,,,,0,0.00,0.00,0.00,0.00,0,0
130,0,1,2016-05-10,0,1,0,14,10,,48,9,93,30.12,1020,54,12,10,16,24,39,43,6,30.09,1019,51,11,7,11,98,,11,17,35,2,50,30.06,1018,48,9,1,2,5,8,0,4,124,110,0.00,0.00,0.54,13.72,,1,1,11,5649,6508,50.00,127.00,,,,,0,0.00,0.00,0.00,0.00,0,0
131,0,1,2016-05-11,0,8,0,6,10,,57,14,86,30.13,1020,68,20,10,16,13,21,51,11,30.09,1019,59,15,10,16,97,,6,9,45,7,67,30.04,1017,49,9,6,10,0,0,0,5,130,120,0.00,0.00,0.00,0.00,,0,1,12,5655,6518,50.00,127.00,,,,,0,0.00,0.00,0.00,0.00,0,0
132,0,1,2016-05-12,1,15,0,0,9,,64,18,93,30.07,1018,73,23,10,16,20,32,59,15,29.90,1012,65,18,7,11,233,,9,14,55,13,64,29.82,1010,56,13,0,1,4,6,0,6,130,129,0.00,0.00,0.62,15.75,,1,1,13,5655,6527,50.00,127.00,,,,,0,0.00,0.00,0.00,0.00,1,0
133,0,1,2016-05-13,0,7,0,8,9,,54,12,93,29.94,1014,64,18,10,16,24,39,46,8,29.90,1012,57,14,10,15,264,,12,20,40,4,43,29.82,1010,50,10,4,6,4,6,0,7,138,138,0.00,0.00,0.05,1.27,,1,1,14,5663,6536,50.00,127.00,,,,,0,0.00,0.00,0.00,0.00,0,0
134,0,1,2016-05-14,0,0,0,20,9,,48,9,92,29.99,1015,50,10,10,16,26,42,37,3,29.80,1009,45,7,8,14,308,,14,22,28,-2,57,29.66,1004,39,4,2,2,6,10,0,8,158,147,0.00,0.00,0.56,14.22,,1,1,15,5683,6545,50.00,127.00,,,,,0,0.00,0.00,0.00,0.00,0,0
135,0,1,2016-05-15,0,0,0,24,9,,31,-1,82,30.12,1020,48,9,10,16,24,39,28,-2,30.04,1017,41,5,10,16,289,,11,18,23,-5,38,29.95,1014,33,1,4,6,6,10,0,9,182,156,T,T,T,T,,0,1,16,5707,6554,50.00,127.00,,,,,1,0.00,0.00,T,T,0,0
136,0,1,2016-05-16,0,2,0,12,8,,45,7,70,30.13,1020,68,20,10,16,26,42,35,2,30.09,1019,53,12,10,16,245,,13,22,27,-3,35,30.04,1017,38,3,9,14,6,10,0,10,194,164,T,T,0.01,0.25,,1,1,17,5719,6562,50.00,127.00,,,,,0,0.00,0.00,0.00,0.00,0,0
137,0,1,2016-05-17,0,5,0,10,8,,45,7,86,30.24,1024,64,18,10,16,13,21,41,5,30.19,1022,55,13,10,16,38,,7,12,35,2,40,30.12,1020,45,7,10,16,4,6,0,11,204,172,T,T,T,T,,1,1,18,5729,6570,50.00,127.00,,,,,0,0.00,0.00,0.00,0.00,0,0
138,0,1,2016-05-18,0,2,0,13,8,,40,4,85,30.28,1025,66,19,10,16,16,26,35,2,30.23,1024,52,11,10,16,52,,6,9,32,0,34,30.18,1022,38,3,10,16,0,0,0,12,217,180,T,T,0.00,0.00,,0,1,19,5742,6578,50.00,127.00,,,,,0,0.00,0.00,0.00,0.00,0,0
139,0,1,2016-05-19,0,5,0,9,8,,41,5,86,30.24,1024,71,22,10,16,10,16,38,3,30.21,1023,56,13,10,16,332,,2,4,34,1,26,30.18,1022,40,4,7,11,0,0,0,13,226,188,T,T,0.00,0.00,,0,1,20,5751,6586,50.00,127.00,,,,,0,0.00,0.00,0.00,0.00,0,0
140,0,1,2016-05-20,0,6,0,8,7,,44,7,83,30.26,1025,70,21,10,16,14,23,40,4,30.19,1022,57,14,10,16,98,,6,9,37,3,33,30.11,1020,43,6,10,16,0,0,0,14,234,195,T,T,0.00,0.00,,0,1,21,5759,6593,50.00,127.00,,,,,0,0.00,0.00,0.00,0.00,0,0
141,0,1,2016-05-21,0,12,0,2,7,,46,8,77,30.11,1020,74,23,10,16,17,27,43,6,30.07,1018,63,17,10,16,18,,6,10,39,4,29,30.02,1016,51,11,10,16,0,0,0,15,236,202,T,T,0.00,0.00,,0,1,22,5761,6600,50.00,127.00,,,,,0,0.00,0.00,0.00,0.00,0,0
142,0,1,2016-05-22,0,12,0,6,7,,52,11,72,30.09,1019,70,21,10,16,18,29,43,6,30.04,1017,59,15,10,16,29,,7,11,34,1,26,30.01,1016,48,9,10,16,0,0,0,16,242,209,T,T,0.00,0.00,,0,1,23,5767,6607,50.00,127.00,,,,,0,0.00,0.00,0.00,0.00,0,0
143,0,2,2016-05-23,0,10,0,5,7,,44,7,82,30.12,1020,78,26,10,16,10,16,39,4,30.04,1017,60,16,10,16,209,,2,4,36,2,23,29.96,1014,42,6,10,16,0,0,0,18,247,216,T,T,0.00,0.00,,0,1,25,5772,6614,50.00,127.00,,,,,0,0.00,0.00,0.00,0.00,0,0
144,2,2,2016-05-24,0,16,0,0,6,,53,12,63,30.02,1016,84,29,10,16,18,29,46,8,30.00,1016,67,19,10,16,235,,7,11,36,2,31,29.97,1015,49,9,10,16,0,0,2,20,247,222,T,T,0.00,0.00,,0,3,27,5772,6620,50.00,127.00,,,,,0,0.00,0.00,0.00,0.00,0,0
145,10,2,2016-05-25,0,24,0,0,6,,62,17,67,30.06,1018,85,29,10,16,15,24,57,14,30.00,1016,75,24,10,16,202,,9,14,50,10,45,29.94,1014,64,18,10,16,6,10,12,22,247,228,T,T,0.00,0.00,,0,13,29,5772,6626,50.00,127.00,,,,,0,0.00,0.00,0.00,0.00,0,0
146,9,2,2016-05-26,0,24,0,0,6,,67,19,100,30.00,1016,84,29,10,16,22,35,63,17,29.94,1014,74,23,9,15,222,,10,16,58,14,54,29.84,1010,63,17,4,6,4,6,21,24,247,234,T,T,0.19,4.83,,1,22,31,5772,6632,50.00,127.00,,,,,0,0.00,0.00,0.00,0.00,1,0
147,9,2,2016-05-27,0,24,0,0,5,,67,19,87,29.96,1014,85,29,10,16,17,27,63,17,29.94,1014,74,23,10,16,170,,6,10,59,15,51,29.91,1013,63,17,10,16,0,0,30,26,247,239,T,T,0.00,0.00,,0,31,33,5772,6637,50.00,127.00,,,,,0,0.00,0.00,0.00,0.00,0,0
148,12,2,2016-05-28,0,26,0,0,5,,68,20,84,30.01,1016,86,30,10,16,28,45,63,17,29.98,1015,77,25,10,16,189,,10,16,59,15,43,29.94,1014,67,19,2,3,0,0,42,28,247,244,T,T,0.13,3.30,,1,43,35,5772,6642,50.00,127.00,,,,,0,0.00,0.00,0.00,0.00,1,0
149,9,2,2016-05-29,0,26,0,0,5,,65,18,87,30.01,1016,84,29,10,16,26,42,61,16,29.98,1015,74,23,10,16,220,,12,20,55,13,40,29.92,1013,64,18,7,11,5,8,51,30,247,249,T,T,0.01,0.25,,1,52,37,5772,6647,50.00,127.00,,,,,0,0.00,0.00,0.00,0.00,0,0
150,7,2,2016-05-30,0,21,0,0,5,,59,15,78,30.02,1016,83,28,10,16,16,26,55,13,29.98,1015,72,22,10,16,274,,7,11,51,11,36,29.96,1014,60,16,10,16,0,0,58,32,247,254,T,T,0.00,0.00,,0,59,39,5772,6652,50.00,127.00,,,,,0,0.00,0.00,0.00,0.00,0,0
151,3,2,2016-05-31,0,18,0,0,4,,55,13,100,30.06,1018,83,28,10,16,13,21,52,11,30.03,1017,68,20,10,16,86,,5,8,50,10,33,30.00,1016,53,12,10,16,0,0,61,34,247,258,T,T,0.00,0.00,,0,62,41,5772,6657,50.00,127.00,,,,,0,0.00,0.00,0.00,0.00,0,0
152,5,2,2016-06-01,0,20,0,0,4,,61,16,81,30.05,1017,80,27,10,16,16,26,55,13,29.99,1015,70,21,10,16,120,,6,9,48,9,48,29.93,1013,59,15,10,16,0,0,5,2,0,4,0.00,0.00,T,T,,0,67,43,5772,6661,50.00,127.00,,,,,0,0.00,0.00,0.00,0.00,0,0
153,4,2,2016-06-02,0,21,0,0,4,,61,16,93,30.04,1017,80,27,10,16,22,35,53,12,29.99,1015,69,21,10,15,269,,8,13,47,8,32,29.93,1013,57,14,7,11,0,0,9,4,0,8,0.00,0.00,0.00,0.00,,0,71,45,5772,6665,50.00,127.00,,,,,0,0.00,0.00,0.00,0.00,0,0
154,1,3,2016-06-03,0,16,0,0,4,,54,12,89,30.09,1019,81,27,10,16,10,16,51,11,30.05,1017,66,19,10,16,291,,3,5,48,9,33,30.01,1016,51,11,10,16,0,0,10,7,0,12,0.00,0.00,0.00,0.00,,0,72,48,5772,6669,50.00,127.00,,,,,0,0.00,0.00,0.00,0.00,0,0
155,5,3,2016-06-04,0,20,0,0,4,,64,18,93,30.02,1016,83,28,10,16,22,35,59,15,29.84,1010,70,21,8,14,153,,9,14,52,11,36,29.70,1006,57,14,3,5,0,0,15,10,0,16,0.00,0.00,0.07,1.78,,1,77,51,5772,6673,50.00,127.00,,,,,0,0.00,0.00,0.00,0.00,0,0
156,0,3,2016-06-05,0,16,0,0,3,,63,17,93,29.67,1005,70,21,10,16,26,42,60,16,29.61,1003,65,18,7,11,240,,12,19,52,11,55,29.58,1002,60,16,2,3,5,8,15,13,0,19,0.00,0.00,0.16,4.06,,1,77,54,5772,6676,50.00,127.00,,,,,0,0.00,0.00,0.00,0.00,1,0
157,3,3,2016-06-06,0,18,0,0,3,,56,13,93,29.67,1005,80,27,10,16,31,50,51,11,29.63,1003,68,20,10,16,260,,13,20,47,8,36,29.58,1002,55,13,10,16,7,11,18,16,0,22,0.00,0.00,0.01,0.25,,1,80,57,5772,6679,50.00,127.00,,,,,0,0.00,0.00,0.00,0.00,0,0
158,0,3,2016-06-07,0,8,0,9,3,,50,10,89,29.89,1012,63,17,10,16,17,27,48,9,29.76,1008,56,13,10,16,302,,11,17,43,6,60,29.66,1004,48,9,10,16,7,11,18,19,9,25,0.00,0.00,0.00,0.00,,0,80,60,5781,6682,50.00,127.00,,,,,0,0.00,0.00,0.00,0.00,0,0
159,0,3,2016-06-08,0,7,0,8,3,,44,7,93,30.02,1016,69,21,10,16,18,29,40,4,29.96,1014,57,14,10,16,298,,9,14,36,2,33,29.88,1012,45,7,10,16,4,6,18,22,17,28,0.00,0.00,0.00,0.00,,0,80,63,5789,6685,50.00,127.00,,,,,0,0.00,0.00,0.00,0.00,0,0
160,0,3,2016-06-09,0,8,0,7,2,,52,11,89,30.09,1019,71,22,10,16,18,29,44,7,30.04,1017,58,14,10,16,203,,4,6,39,4,40,30.00,1016,44,7,10,16,0,0,18,25,24,30,0.00,0.00,T,T,,0,80,66,5796,6687,50.00,127.00,,,,,0,0.00,0.00,0.00,0.00,0,0
161,5,3,2016-06-10,0,20,0,0,2,,67,19,80,30.06,1018,86,30,10,16,15,24,56,13,29.99,1015,70,21,10,16,152,,8,12,49,9,39,29.88,1012,54,12,10,16,0,0,23,28,24,32,0.00,0.00,0.00,0.00,,0,85,69,5796,6689,50.00,127.00,,,,,0,0.00,0.00,0.00,0.00,0,0
162,16,4,2016-06-11,0,31,0,0,2,,67,19,68,29.92,1013,91,33,10,16,24,39,62,17,29.89,1012,81,27,10,16,263,,12,19,59,15,36,29.81,1009,71,22,10,16,6,10,39,32,24,34,0.00,0.00,0.00,0.00,,0,101,73,5796,6691,50.00,127.00,,,,,0,0.00,0.00,0.00,0.00,0,0
163,4,4,2016-06-12,0,18,0,0,2,,62,17,68,30.14,1021,81,27,10,16,16,26,41,5,30.07,1018,69,21,10,16,350,,8,14,35,2,21,29.95,1014,56,13,10,16,4,6,43,36,24,36,0.00,0.00,0.00,0.00,,0,105,77,5796,6693,50.00,127.00,,,,,0,0.00,0.00,0.00,0.00,0,0
164,0,4,2016-06-13,0,11,0,4,2,,55,13,77,30.13,1020,72,22,10,16,12,19,47,8,30.06,1018,61,16,10,16,86,,5,8,42,6,38,29.97,1015,50,10,7,11,0,0,43,40,28,38,0.00,0.00,0.03,0.76,,1,105,81,5800,6695,50.00,127.00,,,,,0,0.00,0.00,0.00,0.00,0,0
165,3,4,2016-06-14,0,18,0,0,2,,53,12,67,30.04,1017,76,24,10,16,20,32,50,10,29.98,1015,68,20,10,16,117,,9,15,47,8,46,29.92,1013,60,16,10,16,5,8,46,44,28,40,0.00,0.00,0.00,0.00,,0,108,85,5800,6697,50.00,127.00,,,,,0,0.00,0.00,0.00,0.00,0,0
166,10,4,2016-06-15,0,24,0,0,2,,66,19,84,29.92,1013,87,31,10,16,17,27,58,14,29.80,1009,75,24,10,16,167,,6,10,45,7,48,29.72,1006,62,17,10,16,0,0,56,48,28,42,0.00,0.00,0.03,0.76,,1,118,89,5800,6699,50.00,127.00,,,,,0,0.00,0.00,0.00,0.00,0,0
167,2,4,2016-06-16,0,18,0,0,1,,67,19,93,29.91,1013,71,22,10,16,17,27,64,18,29.73,1007,67,19,5,8,317,,8,12,56,13,63,29.65,1004,62,17,1,1,0,0,58,52,28,43,0.00,0.00,0.28,7.11,,1,120,93,5800,6700,50.00,127.00,,,,,0,0.00,0.00,0.00,0.00,1,0
168,5,5,2016-06-17,0,20,0,0,1,,57,14,93,30.12,1020,87,31,10,16,15,24,53,12,30.04,1017,70,21,10,16,37,,4,7,48,9,29,29.93,1013,53,12,10,16,0,0,63,57,28,44,0.00,0.00,0.00,0.00,,0,125,98,5800,6701,50.00,127.00,,,,,0,0.00,0.00,0.00,0.00,0,0
169,8,5,2016-06-18,0,22,0,0,1,,56,13,93,30.25,1024,90,32,10,16,10,16,52,11,30.21,1023,73,23,10,16,171,,2,4,47,8,23,30.13,1020,56,13,10,16,0,0,71,62,28,45,0.00,0.00,0.00,0.00,,0,133,103,5800,6702,50.00,127.00,,,,,0,0.00,0.00,0.00,0.00,0,0
170,11,5,2016-06-19,0,26,0,0,1,,57,14,78,30.26,1025,91,33,10,16,17,27,54,12,30.21,1023,76,24,10,16,210,,7,11,51,11,27,30.09,1019,61,16,10,16,0,0,82,67,28,46,0.00,0.00,0.00,0.00,,0,144,108,5800,6703,50.00,127.00,,,,,0,0.00,0.00,0.00,0.00,0,0
171,13,5,2016-06-20,0,31,0,0,1,,68,20,79,30.12,1020,90,32,10,16,28,45,63,17,30.00,1016,78,26,10,16,249,,14,23,49,9,42,29.92,1013,65,18,7,11,5,8,95,72,28,47,0.00,0.00,T,T,,1,157,113,5800,6704,50.00,127.00,,,,,0,0.00,0.00,0.00,0.00,1,0
172,2,5,2016-06-21,0,17,0,0,1,,52,11,83,29.99,1015,81,27,10,16,23,37,48,9,29.92,1013,67,19,10,16,279,,8,13,42,6,28,29.87,1011,53,12,10,16,0,0,97,77,28,48,0.00,0.00,0.00,0.00,,0,159,118,5800,6705,50.00,127.00,,,,,0,0.00,0.00,0.00,0.00,0,0
173,4,5,2016-06-22,0,19,0,0,1,,54,12,83,29.95,1014,84,29,10,16,13,21,51,11,29.90,1012,69,21,10,16,346,,4,6,48,9,31,29.83,1010,54,12,10,16,0,0,101,82,28,49,0.00,0.00,0.00,0.00,,0,163,123,5800,6706,50.00,127.00,,,,,0,0.00,0.00,0.00,0.00,0,0
174,4,6,2016-06-23,0,18,0,0,1,,57,14,75,30.00,1016,78,26,10,16,20,32,53,12,29.90,1012,69,21,10,16,52,,8,12,46,8,40,29.80,1009,59,15,10,16,0,0,105,88,28,50,0.00,0.00,T,T,,1,167,129,5800,6707,50.00,127.00,,,,,0,0.00,0.00,0.00,0.00,0,0
175,4,6,2016-06-24,0,18,0,0,1,,50,10,72,30.12,1020,85,29,10,16,13,21,45,7,30.08,1019,69,21,10,16,60,,4,6,42,6,23,30.01,1016,53,12,10,16,0,0,109,94,28,51,0.00,0.00,0.00,0.00,,0,171,135,5800,6708,50.00,127.00,,,,,0,0.00,0.00,0.00,0.00,0,0
176,10,6,2016-06-25,0,24,0,0,1,,56,13,72,30.16,1021,89,32,10,16,14,23,51,11,30.11,1020,75,24,10,16,175,,7,11,48,9,28,30.04,1017,60,16,10,16,0,0,119,100,28,52,0.00,0.00,0.00,0.00,,0,181,141,5800,6709,50.00,127.00,,,,,0,0.00,0.00,0.00,0.00,0,0
177,14,6,2016-06-26,0,29,0,0,1,,69,21,84,30.06,1018,87,31,10,16,22,35,63,17,29.99,1015,79,26,10,16,221,,11,17,54,12,50,29.94,1014,70,21,10,16,7,11,133,106,28,53,0.00,0.00,0.01,0.25,,1,195,147,5800,6710,50.00,127.00,,,,,0,0.00,0.00,0.00,0.00,0,0
178,13,6,2016-06-27,0,28,0,0,1,,66,19,90,30.01,1016,90,32,10,16,28,45,58,14,29.97,1015,78,26,10,16,271,,12,19,48,9,26,29.93,1013,65,18,10,16,6,10,146,112,28,54,0.00,0.00,0.00,0.00,,0,208,153,5800,6711,50.00,127.00,,,,,0,0.00,0.00,0.00,0.00,0,0
179,0,6,2016-06-28,0,12,0,4,1,,55,13,83,30.11,1020,70,21,10,16,13,21,50,10,30.08,1019,61,16,10,16,330,,6,9,48,9,47,30.02,1016,52,11,10,16,0,0,146,118,32,55,0.00,0.00,0.00,0.00,,0,208,159,5804,6712,50.00,127.00,,,,,0,0.00,0.00,0.00,0.00,0,0
180,0,6,2016-06-29,0,13,0,2,1,,50,10,93,30.13,1020,80,27,10,16,12,19,44,7,30.09,1019,63,17,10,16,298,,4,6,38,3,23,30.04,1017,46,8,10,16,0,0,146,124,34,56,0.00,0.00,0.00,0.00,,0,208,165,5806,6713,50.00,127.00,,,,,0,0.00,0.00,0.00,0.00,0,0
181,2,7,2016-06-30,0,16,0,0,1,,50,10,83,30.08,1019,82,28,10,16,16,26,46,8,30.00,1016,67,19,10,16,230,,4,7,42,6,26,29.91,1013,51,11,10,16,0,0,148,132,34,57,0.00,0.00,T,T,,0,210,173,5806,6712,50.00,127.00,,,,,0,0.00,0.00,0.00,0.00,0,0
182,0,7,2016-07-01,1,15,0,2,1,,58,14,90,30.13,1020,74,23,10,16,20,32,53,12,29.96,1014,63,17,8,14,307,,8,13,45,7,38,29.84,1010,52,11,0,1,0,0,0,7,2,1,0.00,0.00,0.30,7.62,,1,210,180,2,1,0.00,0.00,,,,,0,0.00,0.00,0.00,0.00,0,0
183,0,7,2016-07-02,0,14,0,1,1,,51,11,86,30.19,1022,79,26,10,16,13,21,47,8,30.15,1021,64,18,10,16,283,,4,6,42,6,28,30.11,1020,49,9,10,16,0,0,0,14,3,2,0.00,0.00,0.00,0.00,,0,210,187,3,2,0.00,0.00,,,,,0,0.00,0.00,0.00,0.00,0,0
184,0,7,2016-07-03,0,15,0,0,0,,52,11,86,30.14,1021,80,27,10,16,14,23,48,9,30.10,1019,65,18,10,16,141,,4,7,41,5,28,30.02,1016,50,10,10,16,0,0,0,21,3,2,0.00,0.00,0.00,0.00,,0,210,194,3,2,0.00,0.00,,,,,0,0.00,0.00,0.00,0.00,0,0
185,2,7,2016-07-04,0,16,0,0,0,,62,17,83,30.04,1017,83,28,10,16,16,26,54,12,29.93,1013,67,19,10,16,163,,6,10,48,9,42,29.81,1009,51,11,10,16,0,0,2,28,3,2,0.00,0.00,0.00,0.00,,0,212,201,3,2,0.00,0.00,,,,,0,0.00,0.00,0.00,0.00,0,0
186,11,7,2016-07-05,0,25,0,0,0,,64,18,87,29.90,1012,86,30,10,16,20,32,62,17,29.87,1011,76,24,9,15,264,,8,13,59,15,43,29.83,1010,65,18,4,6,0,0,13,35,3,2,0.00,0.00,0.00,0.00,,0,223,208,3,2,0.00,0.00,,,,,0,0.00,0.00,0.00,0.00,0,0
187,13,7,2016-07-06,0,27,0,0,0,,67,19,84,29.88,1012,88,31,10,16,18,29,62,17,29.83,1010,78,26,10,16,237,,8,13,59,15,40,29.78,1008,67,19,10,16,0,0,26,42,3,2,0.00,0.00,0.00,0.00,,0,236,215,3,2,0.00,0.00,,,,,0,0.00,0.00,0.00,0.00,0,0
188,12,7,2016-07-07,0,26,0,0,0,,68,20,93,29.87,1011,89,32,10,16,26,42,65,18,29.83,1010,77,25,8,14,300,,5,7,62,17,43,29.80,1009,64,18,1,1,0,0,38,49,3,2,0.00,0.00,0.42,10.67,,1,248,222,3,2,0.00,0.00,,,,,0,0.00,0.00,0.00,0.00,1,0
189,13,7,2016-07-08,1,28,0,0,0,,68,20,93,29.84,1010,90,32,10,16,48,77,65,18,29.79,1009,78,26,8,13,258,,9,14,58,14,44,29.72,1006,66,19,0,0,0,0,51,56,3,2,0.00,0.00,0.73,18.54,,1,261,229,3,2,0.00,0.00,,,,,0,0.00,0.00,0.00,0.00,1,0
190,6,7,2016-07-09,0,21,0,0,0,,59,15,90,30.01,1016,80,27,10,16,18,29,57,14,29.91,1013,71,22,10,16,308,,9,14,55,13,48,29.80,1009,62,17,10,16,4,6,57,63,3,2,0.00,0.00,0.00,0.00,,0,267,236,3,2,0.00,0.00,,,,,0,0.00,0.00,0.00,0.00,0,0
191,5,7,2016-07-10,0,18,0,0,0,,60,16,86,30.09,1019,83,28,10,16,12,19,56,13,30.04,1017,70,21,10,16,295,,2,4,53,12,40,29.99,1015,56,13,10,16,0,0,62,70,3,2,0.00,0.00,0.00,0.00,,0,272,243,3,2,0.00,0.00,,,,,0,0.00,0.00,0.00,0.00,0,0
192,10,7,2016-07-11,0,24,0,0,0,,66,19,87,30.06,1018,86,30,10,16,15,24,62,17,30.01,1016,75,24,10,16,178,,6,10,58,14,47,29.95,1014,63,17,10,16,0,0,72,77,3,2,0.00,0.00,T,T,,1,282,250,3,2,0.00,0.00,,,,,0,0.00,0.00,0.00,0.00,0,0
193,15,7,2016-07-12,0,30,0,0,0,,71,22,87,29.95,1014,92,33,10,16,36,58,65,18,29.88,1012,80,27,9,14,203,,12,20,61,16,38,29.80,1009,68,20,1,1,6,10,87,84,3,2,0.00,0.00,0.27,6.86,,1,297,257,3,2,0.00,0.00,,,,,0,0.00,0.00,0.00,0.00,1,0
194,13,7,2016-07-13,0,28,0,0,0,,71,22,97,29.95,1014,87,31,10,16,22,35,68,20,29.88,1012,78,26,8,14,214,,9,15,66,19,53,29.77,1008,69,21,2,3,6,10,100,91,3,2,0.00,0.00,0.15,3.81,,1,310,264,3,2,0.00,0.00,,,,,0,0.00,0.00,0.00,0.00,1,0
195,12,7,2016-07-14,0,26,0,0,0,,66,19,84,29.84,1010,85,29,10,16,28,45,61,16,29.80,1009,77,25,10,16,246,,14,23,54,12,37,29.76,1008,69,21,10,16,6,10,112,98,3,2,0.00,0.00,0.00,0.00,,0,322,271,3,2,0.00,0.00,,,,,0,0.00,0.00,0.00,0.00,0,0
196,5,7,2016-07-15,0,20,0,0,0,,62,17,87,30.06,1018,77,25,10,16,16,26,59,15,29.96,1014,70,21,10,16,300,,9,14,55,13,57,29.84,1010,62,17,10,16,5,8,117,105,3,2,0.00,0.00,T,T,,1,327,278,3,2,0.00,0.00,,,,,0,0.00,0.00,0.00,0.00,0,0
197,2,7,2016-07-16,0,17,0,0,0,,57,14,90,30.15,1021,77,25,10,16,10,16,53,12,30.11,1020,67,19,10,16,346,,4,7,47,8,36,30.06,1018,56,13,10,16,0,0,119,112,3,2,0.00,0.00,0.00,0.00,,0,329,285,3,2,0.00,0.00,,,,,0,0.00,0.00,0.00,0.00,0,0
198,5,7,2016-07-17,0,20,0,0,0,,67,19,89,30.14,1021,87,31,10,16,30,48,57,14,30.05,1017,70,21,10,16,199,,12,20,50,10,42,29.94,1014,53,12,10,16,0,0,124,119,3,2,0.00,0.00,0.00,0.00,,0,334,292,3,2,0.00,0.00,,,,,0,0.00,0.00,0.00,0.00,0,0
199,11,7,2016-07-18,0,28,0,0,0,,69,21,84,30.17,1022,86,30,10,16,24,39,62,17,30.07,1018,76,24,10,16,271,,10,16,54,12,37,29.97,1015,66,19,10,16,0,0,135,126,3,2,0.00,0.00,T,T,,0,345,299,3,2,0.00,0.00,,,,,0,0.00,0.00,0.00,0.00,0,0
200,8,7,2016-07-19,0,23,0,0,0,,62,17,93,30.25,1024,84,29,10,16,14,23,57,14,30.22,1023,73,23,10,16,353,,6,9,53,12,37,30.18,1022,62,17,10,16,0,0,143,133,3,2,0.00,0.00,T,T,,0,353,306,3,2,0.00,0.00,,,,,0,0.00,0.00,0.00,0.00,0,0
201,12,7,2016-07-20,0,26,0,0,0,,65,18,78,30.26,1025,91,33,10,16,12,19,58,14,30.20,1023,77,25,10,16,199,,5,9,53,12,34,30.12,1020,62,17,10,16,0,0,155,140,3,2,0.00,0.00,0.00,0.00,,0,365,313,3,2,0.00,0.00,,,,,0,0.00,0.00,0.00,0.00,0,0
202,14,7,2016-07-21,0,28,0,0,0,,72,22,87,30.13,1020,89,32,10,16,30,48,67,19,30.05,1017,79,26,8,13,227,,10,16,63,17,55,29.92,1013,68,20,1,1,0,0,169,147,3,2,0.00,0.00,0.41,10.41,,1,379,320,3,2,0.00,0.00,,,,,0,0.00,0.00,0.00,0.00,1,0
203,17,7,2016-07-22,0,32,0,0,0,,74,23,85,29.99,1015,91,33,10,16,18,29,69,21,29.96,1014,82,28,10,16,274,,10,15,66,19,47,29.93,1013,73,23,9,14,4,6,186,154,3,2,0.00,0.00,0.00,0.00,,0,396,327,3,2,0.00,0.00,,,,,0,0.00,0.00,0.00,0.00,0,0
204,15,7,2016-07-23,0,30,0,0,0,,70,21,93,30.01,1016,94,34,10,16,12,19,65,18,29.97,1015,80,27,9,15,314,,4,6,59,15,34,29.94,1014,66,19,4,6,0,0,201,161,3,2,0.00,0.00,0.00,0.00,,0,411,334,3,2,0.00,0.00,,,,,0,0.00,0.00,0.00,0.00,0,0
205,14,7,2016-07-24,0,28,0,0,0,,75,24,93,29.99,1015,87,31,10,16,25,40,69,21,29.94,1014,79,26,7,11,197,,9,15,62,17,54,29.85,1011,70,21,1,1,0,0,215,168,3,2,0.00,0.00,0.88,22.35,,1,425,341,3,2,0.00,0.00,,,,,0,0.00,0.00,0.00,0.00,1,0
206,12,7,2016-07-25,0,30,0,0,0,,75,24,79,29.99,1015,87,31,10,16,17,27,66,19,29.92,1013,77,25,10,16,276,,9,14,58,14,43,29.86,1011,67,19,9,14,0,0,227,175,3,2,0.00,0.00,0.00,0.00,,0,437,348,3,2,0.00,0.00,,,,,0,0.00,0.00,0.00,0.00,0,0
207,9,7,2016-07-26,0,24,0,0,0,,64,18,93,30.08,1019,87,31,10,16,12,19,61,16,30.03,1017,74,23,10,16,275,,3,5,59,15,39,29.99,1015,61,16,7,11,0,0,236,182,3,2,0.00,0.00,0.00,0.00,,0,446,355,3,2,0.00,0.00,,,,,0,0.00,0.00,0.00,0.00,0,0
208,12,7,2016-07-27,0,26,0,0,0,,64,18,93,30.02,1016,89,32,10,16,24,39,62,17,29.98,1015,77,25,10,16,275,,5,8,59,15,44,29.95,1014,64,18,10,16,0,0,248,189,3,2,0.00,0.00,0.00,0.00,,0,458,362,3,2,0.00,0.00,,,,,0,0.00,0.00,0.00,0.00,0,0
209,10,7,2016-07-28,0,24,0,0,0,,68,20,93,29.96,1014,86,30,10,16,21,34,64,18,29.93,1013,75,24,10,16,46,,6,9,60,16,48,29.88,1012,63,17,7,11,0,0,258,196,3,2,0.00,0.00,0.04,1.02,,1,468,369,3,2,0.00,0.00,,,,,0,0.00,0.00,0.00,0.00,1,0
210,7,7,2016-07-29,0,22,0,0,0,,64,18,87,30.00,1016,79,26,10,16,20,32,60,16,29.97,1015,72,22,10,16,43,,8,13,56,13,50,29.94,1014,64,18,10,16,0,0,265,203,3,2,0.00,0.00,T,T,,1,475,376,3,2,0.00,0.00,,,,,0,0.00,0.00,0.00,0.00,0,0
211,2,7,2016-07-30,0,17,0,0,0,,65,18,90,30.02,1016,71,22,10,16,14,23,61,16,30.00,1016,67,19,10,15,35,,7,12,56,13,68,29.97,1015,63,17,5,8,4,6,267,210,3,2,0.00,0.00,0.15,3.81,,1,477,383,3,2,0.00,0.00,,,,,0,0.00,0.00,0.00,0.00,1,0
212,7,7,2016-07-31,0,22,0,0,0,,65,18,93,30.07,1018,79,26,10,16,12,19,63,17,30.04,1017,72,22,9,15,13,,5,8,61,16,62,30.00,1016,64,18,2,4,0,0,274,213,3,2,0.00,0.00,0.00,0.00,,0,484,386,3,11,0.00,0.00,,,,,0,0.00,0.00,0.00,0.00,0,0
213,7,6,2016-08-01,0,22,0,0,0,,63,17,93,30.12,1020,84,29,10,16,9,14,58,14,30.09,1019,72,22,10,15,9,,3,4,55,13,40,30.05,1017,59,15,2,2,0,0,7,6,0,0,0.00,0.00,0.00,0.00,,0,491,392,3,11,0.00,0.00,,,,,0,0.00,0.00,0.00,0.00,0,0
214,10,6,2016-08-02,0,24,0,0,0,,66,19,93,30.13,1020,87,31,10,16,10,16,64,18,30.10,1019,75,24,10,16,58,,3,5,61,16,51,30.04,1017,62,17,5,8,0,0,17,12,0,0,0.00,0.00,0.00,0.00,,0,501,398,3,11,0.00,0.00,,,,,0,0.00,0.00,0.00,0.00,0,0
215,13,6,2016-08-03,0,28,0,0,0,,66,19,93,30.10,1019,92,33,10,16,12,19,63,17,30.06,1018,78,26,10,16,71,,3,4,59,15,34,30.01,1016,64,18,9,14,0,0,30,18,0,0,0.00,0.00,0.00,0.00,,0,514,404,3,11,0.00,0.00,,,,,0,0.00,0.00,0.00,0.00,0,0
216,15,6,2016-08-04,0,30,0,0,0,,63,17,81,30.04,1017,93,34,10,16,14,23,59,15,29.98,1015,80,27,10,16,190,,6,9,52,11,27,29.87,1011,67,19,10,16,0,0,45,24,0,0,0.00,0.00,0.00,0.00,,0,529,410,3,11,0.00,0.00,,,,,0,0.00,0.00,0.00,0.00,0,0
217,13,6,2016-08-05,0,30,0,0,1,,68,20,84,29.89,1012,90,32,10,16,18,29,64,18,29.84,1010,78,26,10,16,260,,10,16,58,14,43,29.81,1009,66,19,8,13,5,8,58,30,0,1,0.00,0.00,0.00,0.00,,0,542,416,3,12,0.00,0.00,,,,,0,0.00,0.00,0.00,0.00,0,0
218,8,6,2016-08-06,0,22,0,0,1,,61,16,90,29.97,1015,85,29,10,16,13,21,57,14,29.93,1013,73,23,10,16,302,,5,9,53,12,34,29.89,1012,60,16,9,14,0,0,66,36,0,2,0.00,0.00,0.00,0.00,,0,550,422,3,13,0.00,0.00,,,,,0,0.00,0.00,0.00,0.00,0,0
219,6,6,2016-08-07,0,20,0,0,1,,59,15,84,30.09,1019,83,28,10,16,14,23,55,13,30.05,1017,71,22,10,16,7,,5,8,49,9,37,29.99,1015,59,15,10,16,0,0,72,42,0,3,0.00,0.00,0.00,0.00,,0,556,428,3,14,0.00,0.00,,,,,0,0.00,0.00,0.00,0.00,0,0
220,5,6,2016-08-08,0,19,0,0,1,,57,14,93,30.14,1021,85,29,10,16,13,21,53,12,30.09,1019,70,21,10,16,68,,5,7,46,8,27,30.04,1017,54,12,10,16,0,0,77,48,0,4,0.00,0.00,0.00,0.00,,0,561,434,3,15,0.00,0.00,,,,,0,0.00,0.00,0.00,0.00,0,0
221,9,6,2016-08-09,0,24,0,0,1,,62,17,86,30.07,1018,90,32,10,16,15,24,58,14,30.03,1017,74,23,10,16,217,,4,6,53,12,38,29.97,1015,57,14,10,16,0,0,86,54,0,5,0.00,0.00,0.00,0.00,,0,570,440,3,16,0.00,0.00,,,,,0,0.00,0.00,0.00,0.00,0,0
222,13,6,2016-08-10,0,28,0,0,1,,66,19,87,30.11,1020,93,34,10,16,14,23,62,17,30.07,1018,78,26,10,16,309,,3,4,56,13,38,30.03,1017,63,17,10,16,0,0,99,60,0,6,0.00,0.00,0.00,0.00,,0,583,446,3,17,0.00,0.00,,,,,0,0.00,0.00,0.00,0.00,0,0
223,17,6,2016-08-11,0,31,0,0,1,,72,22,87,30.06,1018,94,34,10,16,21,34,69,21,29.97,1015,82,28,10,16,216,,9,14,65,18,47,29.85,1011,69,21,9,14,0,0,116,66,0,7,0.00,0.00,T,T,,1,600,452,3,18,0.00,0.00,,,,,0,0.00,0.00,0.00,0.00,0,0
224,18,6,2016-08-12,0,32,0,0,1,,75,24,94,29.88,1012,91,33,10,16,21,34,72,22,29.85,1011,83,28,8,13,281,,6,10,69,21,55,29.81,1009,74,23,0,1,0,0,134,72,0,8,0.00,0.00,1.08,27.43,,1,618,458,3,19,0.00,0.00,,,,,0,0.00,0.00,0.00,0.00,1,0
225,13,6,2016-08-13,0,30,0,0,1,,74,23,93,29.89,1012,86,30,10,16,22,35,71,22,29.79,1009,78,26,8,13,223,,10,17,67,19,57,29.75,1007,70,21,1,2,5,8,147,78,0,9,0.00,0.00,0.88,22.35,,1,631,464,3,20,0.00,0.00,,,,,0,0.00,0.00,0.00,0.00,1,0
226,10,6,2016-08-14,1,24,0,0,1,,67,19,93,30.09,1019,83,28,10,16,10,16,65,18,30.02,1016,75,24,7,11,281,,4,6,62,17,51,29.91,1013,66,19,0,0,0,0,157,84,0,10,0.00,0.00,0.00,0.00,,0,641,470,3,21,0.00,0.00,,,,,0,0.00,0.00,0.00,0.00,0,0
227,8,6,2016-08-15,0,22,0,0,1,,69,21,93,30.16,1021,82,28,10,16,15,24,65,18,30.11,1020,73,23,8,13,143,,4,6,61,16,54,30.05,1017,63,17,1,2,0,0,165,90,0,11,0.00,0.00,1.34,34.04,,1,649,476,3,22,0.00,0.00,,,,,0,0.00,0.00,0.00,0.00,0,0
228,11,6,2016-08-16,0,26,0,0,1,,70,21,97,30.08,1019,83,28,10,16,18,29,67,19,29.96,1014,76,24,6,10,305,,9,15,63,17,51,29.85,1011,69,21,1,2,0,0,176,96,0,12,0.00,0.00,1.76,44.70,,1,660,482,3,23,0.00,0.00,,,,,0,0.00,0.00,0.00,0.00,0,0
229,10,6,2016-08-17,0,25,0,0,1,,69,21,93,30.10,1019,84,29,10,16,25,40,65,18,30.06,1018,75,24,9,14,248,,7,11,60,16,58,29.99,1015,66,19,2,2,0,0,186,102,0,13,0.00,0.00,0.20,5.08,,1,670,488,3,24,0.00,0.00,,,,,0,0.00,0.00,0.00,0.00,1,0
230,8,5,2016-08-18,0,23,0,0,1,,67,19,93,30.12,1020,84,29,10,16,12,19,63,17,30.06,1018,73,23,9,14,214,,5,7,60,16,44,29.97,1015,62,17,2,2,0,0,194,107,0,14,0.00,0.00,0.00,0.00,,0,678,493,3,25,0.00,0.00,,,,,0,0.00,0.00,0.00,0.00,0,0
231,10,5,2016-08-19,0,25,0,0,1,,68,20,93,29.97,1015,82,28,10,16,17,27,66,19,29.91,1013,75,24,10,15,219,,8,13,64,18,58,29.83,1010,68,20,6,10,0,0,204,112,0,15,0.00,0.00,0.00,0.00,,0,688,498,3,26,0.00,0.00,,,,,0,0.00,0.00,0.00,0.00,0,0
232,10,5,2016-08-20,0,24,0,0,1,,70,21,90,29.88,1012,82,28,10,16,22,35,67,19,29.69,1005,75,24,8,14,191,,10,16,61,16,62,29.57,1001,67,19,1,1,0,0,214,117,0,16,0.00,0.00,0.58,14.73,,1,698,503,3,27,0.00,0.00,,,,,0,0.00,0.00,0.00,0.00,0,0
233,1,5,2016-08-21,0,18,0,0,1,,60,16,93,30.03,1017,73,23,10,16,23,37,57,14,29.82,1010,66,19,10,16,272,,10,16,54,12,49,29.64,1004,59,15,10,16,0,0,215,122,0,17,0.00,0.00,0.09,2.29,,0,699,508,3,28,0.00,0.00,,,,,0,0.00,0.00,0.00,0.00,0,0
234,1,5,2016-08-22,0,16,0,0,1,,56,13,93,30.20,1023,78,26,10,16,13,21,53,12,30.16,1021,66,19,10,16,244,,4,7,50,10,41,30.06,1018,53,12,10,16,0,0,216,127,0,18,0.00,0.00,0.00,0.00,,0,700,513,3,29,0.00,0.00,,,,,0,0.00,0.00,0.00,0.00,0,0
235,4,5,2016-08-23,0,18,0,0,1,,59,15,86,30.25,1024,80,27,10,16,17,27,56,13,30.22,1023,69,21,10,16,196,,7,11,53,12,45,30.16,1021,57,14,10,16,0,0,220,132,0,19,0.00,0.00,0.00,0.00,,0,704,518,3,30,0.00,0.00,,,,,0,0.00,0.00,0.00,0.00,0,0
236,8,5,2016-08-24,0,22,0,0,1,,71,22,93,30.15,1021,82,28,10,16,21,34,65,18,30.03,1017,73,23,10,16,198,,10,16,57,14,64,29.94,1014,63,17,7,11,5,8,228,137,0,20,0.00,0.00,T,T,,0,712,523,3,31,0.00,0.00,,,,,0,0.00,0.00,0.00,0.00,0,0
237,8,5,2016-08-25,0,25,0,0,1,,72,22,93,30.04,1017,83,28,10,16,16,26,68,20,29.98,1015,73,23,8,14,249,,9,15,59,15,54,29.94,1014,63,17,2,3,4,6,236,142,0,21,0.00,0.00,0.10,2.54,,1,720,528,3,32,0.00,0.00,,,,,0,0.00,0.00,0.00,0.00,1,0
238,7,5,2016-08-26,0,22,0,0,1,,63,17,93,30.17,1022,82,28,10,16,14,23,60,16,30.12,1020,72,22,10,16,267,,4,7,58,14,45,30.06,1018,61,16,10,16,0,0,243,147,0,22,0.00,0.00,0.00,0.00,,0,727,533,3,33,0.00,0.00,,,,,0,0.00,0.00,0.00,0.00,0,0
239,5,4,2016-08-27,0,20,0,0,1,,70,21,93,30.20,1023,78,26,10,16,22,35,65,18,30.12,1020,70,21,8,14,136,,6,10,58,14,78,30.06,1018,62,17,2,2,0,0,248,151,0,23,0.00,0.00,0.38,9.65,,1,732,537,3,34,0.00,0.00,,,,,0,0.00,0.00,0.00,0.00,1,0
240,11,4,2016-08-28,0,27,0,0,1,,70,21,93,30.23,1024,84,29,10,16,13,21,68,20,30.17,1022,76,24,9,14,266,,5,8,64,18,55,30.10,1019,67,19,6,10,0,0,259,155,0,24,0.00,0.00,0.00,0.00,,0,743,541,3,35,0.00,0.00,,,,,0,0.00,0.00,0.00,0.00,0,0
241,8,4,2016-08-29,0,22,0,0,1,,66,19,93,30.30,1026,85,29,10,16,10,16,63,17,30.25,1024,73,23,7,11,102,,3,4,59,15,48,30.19,1022,61,16,1,1,0,0,267,159,0,25,0.00,0.00,0.00,0.00,,0,751,545,3,36,0.00,0.00,,,,,0,0.00,0.00,0.00,0.00,0,0
242,11,4,2016-08-30,0,25,0,0,1,,71,22,90,30.19,1022,83,28,10,16,15,24,65,18,30.12,1020,76,24,10,16,230,,6,9,61,16,60,30.04,1017,69,21,6,10,0,0,278,163,0,26,0.00,0.00,0.05,1.27,,1,762,549,3,37,0.00,0.00,,,,,0,0.00,0.00,0.00,0.00,1,0
243,4,4,2016-08-31,0,20,0,0,2,,69,21,90,30.07,1018,77,25,10,16,14,23,63,17,30.03,1017,69,21,8,13,338,,7,11,54,12,47,30.00,1016,61,16,2,3,0,0,282,171,0,28,0.00,0.00,0.17,4.32,,1,766,557,3,35,0.00,0.00,,,,,0,0.00,0.00,0.00,0.00,1,0
244,0,4,2016-09-01,0,14,0,0,2,,55,13,93,30.24,1024,73,23,10,16,17,27,54,12,30.15,1021,65,18,10,16,10,,8,13,52,11,49,30.08,1019,56,13,10,16,4,6,0,4,0,2,0.00,0.00,0.00,0.00,,0,766,561,3,37,0.00,0.00,0,4,0,2,0,0.00,0.00,0.00,0.00,0,0
245,0,4,2016-09-02,0,12,0,2,2,,56,13,89,30.31,1026,74,23,10,16,15,24,52,11,30.27,1025,63,17,10,16,41,,6,10,48,9,49,30.23,1024,51,11,10,16,0,0,0,8,2,4,0.00,0.00,0.00,0.00,,0,766,565,5,39,0.00,0.00,0,8,2,4,0,0.00,0.00,0.00,0.00,0,0
246,0,4,2016-09-03,0,12,0,2,2,,57,14,93,30.29,1026,77,25,10,16,9,14,53,12,30.24,1024,63,17,10,16,61,,3,4,47,8,46,30.19,1022,49,9,10,16,0,0,0,12,4,6,0.00,0.00,0.00,0.00,,0,766,569,7,41,0.00,0.00,0,12,4,6,0,0.00,0.00,0.00,0.00,0,0
247,0,3,2016-09-04,1,14,0,0,2,,58,14,96,30.28,1025,79,26,10,16,13,21,53,12,30.24,1024,65,18,6,10,149,,4,7,48,9,43,30.20,1023,50,10,0,0,0,0,0,15,4,8,0.00,0.00,0.00,0.00,,0,766,572,7,43,0.00,0.00,0,15,4,8,0,0.00,0.00,0.00,0.00,0,0
248,8,3,2016-09-05,0,22,0,0,2,,65,18,84,30.22,1023,85,29,10,16,18,29,61,16,30.15,1021,73,23,10,16,180,,8,12,54,12,51,30.08,1019,60,16,10,16,0,0,8,18,4,10,0.00,0.00,0.00,0.00,,0,774,575,7,45,0.00,0.00,8,18,4,10,0,0.00,0.00,0.00,0.00,0,0
249,17,3,2016-09-06,0,32,0,0,2,,72,22,87,30.10,1019,90,32,10,16,20,32,69,21,30.06,1018,82,28,10,16,220,,11,17,64,18,52,30.01,1016,73,23,10,16,7,11,25,21,4,12,0.00,0.00,0.00,0.00,,0,791,578,7,47,0.00,0.00,25,21,4,12,0,0.00,0.00,0.00,0.00,0,0
250,13,3,2016-09-07,0,28,0,0,3,,76,24,93,30.07,1018,86,30,10,16,16,26,71,22,30.00,1016,78,26,9,14,240,,5,9,66,19,74,29.88,1012,70,21,1,2,0,0,38,24,4,15,0.00,0.00,0.23,5.84,,1,804,581,7,50,0.00,0.00,38,24,4,15,0,0.00,0.00,0.00,0.00,1,0
251,9,3,2016-09-08,0,25,0,0,3,,72,22,90,29.92,1013,80,27,10,16,23,37,70,21,29.85,1011,74,23,9,14,247,,10,16,67,19,74,29.81,1009,67,19,2,4,0,0,47,27,4,18,0.00,0.00,0.27,6.86,,1,813,584,7,53,0.00,0.00,47,27,4,18,0,0.00,0.00,0.00,0.00,0,0
252,8,3,2016-09-09,1,22,0,0,3,,69,21,100,30.01,1016,80,27,10,16,10,16,66,19,29.96,1014,73,23,5,8,136,,3,5,64,18,67,29.92,1013,65,18,0,0,0,0,55,30,4,21,0.00,0.00,0.04,1.02,,1,821,587,7,56,0.00,0.00,55,30,4,21,0,0.00,0.00,0.00,0.00,0,0
253,1,3,2016-09-10,0,17,0,0,3,,67,19,93,30.00,1016,73,23,10,16,32,52,63,17,29.81,1009,66,19,7,12,247,,11,17,54,12,63,29.75,1007,58,14,2,3,0,0,56,33,4,24,0.00,0.00,0.22,5.59,,1,822,590,7,59,0.00,0.00,56,33,4,24,0,0.00,0.00,0.00,0.00,0,0
254,0,2,2016-09-11,0,12,0,2,4,,54,12,93,30.23,1024,72,22,10,16,9,14,50,10,30.16,1021,63,17,10,16,284,,4,7,46,8,44,30.01,1016,53,12,10,16,0,0,56,35,6,28,0.00,0.00,0.00,0.00,,0,822,592,9,63,0.00,0.00,56,35,6,28,0,0.00,0.00,0.00,0.00,0,0
255,0,2,2016-09-12,0,14,0,0,4,,54,12,83,30.21,1023,76,24,10,16,16,26,52,11,30.15,1021,65,18,10,16,183,,8,13,48,9,46,30.09,1019,54,12,10,16,5,8,56,37,6,32,0.00,0.00,0.00,0.00,,0,822,594,9,67,0.00,0.00,56,37,6,32,0,0.00,0.00,0.00,0.00,0,0
256,5,2,2016-09-13,0,20,0,0,4,,65,18,87,30.09,1019,82,28,10,16,16,26,59,15,30.06,1018,70,21,10,16,234,,7,12,53,12,54,30.01,1016,57,14,10,16,0,0,61,39,6,36,0.00,0.00,0.00,0.00,,0,827,596,9,71,0.00,0.00,61,39,6,36,0,0.00,0.00,0.00,0.00,1,0
257,0,2,2016-09-14,0,15,0,0,4,,63,17,90,30.29,1026,73,23,10,16,14,23,55,13,30.21,1023,65,18,10,16,20,,6,10,50,10,46,30.11,1020,56,13,10,16,0,0,61,41,6,40,0.00,0.00,0.03,0.76,,1,827,598,9,75,0.00,0.00,61,41,6,40,0,0.00,0.00,0.00,0.00,1,0
258,0,2,2016-09-15,0,10,0,4,5,,53,12,93,30.32,1027,73,23,10,16,14,23,49,9,30.27,1025,61,16,10,16,74,,4,6,45,7,38,30.20,1023,49,9,7,11,0,0,61,43,10,45,0.00,0.00,0.00,0.00,,0,827,600,13,80,0.00,0.00,61,43,10,45,0,0.00,0.00,0.00,0.00,0,0
259,1,2,2016-09-16,0,16,0,0,5,,63,17,86,30.20,1023,79,26,10,16,16,26,56,13,30.08,1019,66,19,10,16,146,,9,15,49,9,45,29.95,1014,53,12,10,16,4,6,62,45,10,50,0.00,0.00,0.00,0.00,,0,828,602,13,85,0.00,0.00,62,45,10,50,0,0.00,0.00,0.00,0.00,0,0
260,6,,2016-09-17,0,21,0,0,,,67,19,93,29.94,1014,78,26,10,16,15,24,65,18,29.91,1013,71,22,6,10,228,,8,13,60,16,64,29.87,1011,64,18,1,2,4,6,,,,,,,0.28,7.11,,1,,,,,,,,,,,0,,,0.00,0.00,0,0
261,3,2,2016-09-18,0,18,0,0,6,,62,17,93,30.01,1016,78,26,10,16,14,23,59,15,29.97,1015,68,20,9,15,263,,4,7,56,13,54,29.93,1013,57,14,4,6,0,0,71,49,10,61,0.00,0.00,0.00,0.00,,0,837,606,13,96,0.00,0.00,71,49,10,61,0,0.00,0.00,0.00,0.00,0,0
262,3,2,2016-09-19,0,18,0,0,6,,58,14,93,30.06,1018,83,28,10,16,17,27,55,13,30.03,1017,68,20,9,14,210,,6,10,52,11,40,30.00,1016,53,12,2,2,0,0,74,51,10,67,0.00,0.00,0.00,0.00,,0,840,608,13,102,0.00,0.00,74,51,10,67,0,0.00,0.00,0.00,0.00,0,0
263,5,1,2016-09-20,0,22,0,0,6,,60,16,87,30.20,1023,82,28,10,16,14,23,54,12,30.15,1021,70,21,10,16,65,,3,5,48,9,33,30.06,1018,57,14,10,16,0,0,79,52,10,73,0.00,0.00,T,T,,1,845,609,13,108,0.00,0.00,79,52,10,73,0,0.00,0.00,0.00,0.00,0,0
264,3,1,2016-09-21,0,18,0,0,6,,65,18,93,30.29,1026,81,27,10,16,28,45,60,16,30.19,1022,68,20,9,14,177,,4,7,51,11,54,30.12,1020,54,12,2,4,0,0,82,53,10,79,0.00,0.00,0.05,1.27,,1,848,610,13,114,0.00,0.00,82,53,10,79,0,0.00,0.00,0.00,0.00,1,0
265,7,1,2016-09-22,1,22,0,0,7,,64,18,93,30.14,1021,83,28,10,16,13,21,62,17,30.11,1020,72,22,4,7,201,,4,6,59,15,47,30.02,1016,61,16,0,0,0,0,89,54,10,86,0.00,0.00,0.00,0.00,,0,855,611,13,121,0.00,0.00,89,54,10,86,0,0.00,0.00,0.00,0.00,0,0
266,0,1,2016-09-23,1,14,0,0,7,,65,18,93,30.21,1023,71,22,10,16,18,29,60,16,30.11,1020,65,18,7,11,36,,8,12,50,10,72,30.02,1016,58,14,0,1,0,0,89,55,10,93,0.00,0.00,0.00,0.00,,0,855,612,13,128,0.00,0.00,89,55,10,93,0,0.00,0.00,0.00,0.00,0,0
267,0,1,2016-09-24,0,10,0,5,7,,53,12,89,30.29,1026,69,21,10,16,14,23,50,10,30.24,1024,60,16,10,16,62,,7,11,47,8,53,30.19,1022,51,11,10,16,4,6,89,56,15,100,0.00,0.00,0.00,0.00,,0,855,613,18,135,0.00,0.00,89,56,15,100,0,0.00,0.00,0.00,0.00,0,0
268,0,1,2016-09-25,0,12,0,3,8,,52,11,83,30.24,1024,75,24,10,16,18,29,48,9,30.13,1020,62,17,10,16,135,,9,14,45,7,41,29.94,1014,49,9,10,16,0,0,89,57,18,108,0.00,0.00,0.00,0.00,,0,855,614,21,143,0.00,0.00,89,57,18,108,0,0.00,0.00,0.00,0.00,0,0
269,0,1,2016-09-26,0,10,0,5,8,,61,16,90,29.93,1013,68,20,10,16,29,47,50,10,29.89,1012,60,16,10,15,236,,12,19,40,4,40,29.86,1011,51,11,2,3,4,6,89,58,23,116,0.00,0.00,0.18,4.57,,1,855,615,26,151,0.00,0.00,89,58,23,116,0,0.00,0.00,0.00,0.00,0,0
270,0,1,2016-09-27,0,8,0,7,9,,47,8,67,29.86,1011,66,19,10,16,28,45,42,6,29.77,1008,58,14,10,16,240,,12,20,38,3,37,29.71,1006,50,10,10,16,5,8,89,59,30,125,0.00,0.00,T,T,,1,855,616,33,160,0.00,0.00,89,59,30,125,0,0.00,0.00,0.00,0.00,0,0
271,0,1,2016-09-28,0,7,0,8,9,,53,12,86,30.05,1017,66,19,10,16,18,29,49,9,29.93,1013,57,14,10,16,49,,8,13,45,7,52,29.81,1009,48,9,10,16,0,0,89,60,38,134,0.00,0.00,0.02,0.51,,1,855,617,41,169,0.00,0.00,89,60,38,134,0,0.00,0.00,0.00,0.00,0,0
272,0,1,2016-09-29,0,8,0,7,9,,58,14,93,30.25,1024,61,16,10,16,20,32,56,13,30.18,1022,58,14,7,11,41,,12,20,53,12,86,30.06,1018,55,13,1,2,7,11,89,61,45,143,0.00,0.00,1.22,30.99,,1,855,618,48,178,0.00,0.00,89,61,45,143,0,0.00,0.00,0.00,0.00,0,0
273,0,1,2016-09-30,0,9,0,5,10,,57,14,93,30.22,1023,61,16,10,16,17,27,56,13,30.16,1021,60,16,6,9,47,,10,17,55,13,84,30.11,1020,58,14,1,2,7,11,89,61,50,153,0.00,0.00,0.45,11.43,,1,855,618,53,188,0.00,0.00,89,61,50,153,0,0.00,0.00,0.00,0.00,1,0
274,0,1,2016-10-01,0,10,0,6,10,,59,15,96,30.12,1020,68,20,10,16,18,29,55,13,30.05,1017,59,15,7,11,77,,7,11,50,10,63,29.99,1015,50,10,1,2,0,0,0,1,6,10,0.00,0.00,0.24,6.10,,1,855,619,59,198,0.00,0.00,89,62,56,163,0,0.00,0.00,0.00,0.00,1,0
275,0,1,2016-10-02,1,10,0,5,10,,54,12,96,30.07,1018,69,21,10,16,8,13,52,11,30.02,1016,60,16,6,9,260,,3,5,49,9,55,30.00,1016,50,10,0,0,0,0,0,2,11,20,0.00,0.00,0.00,0.00,,0,855,620,64,208,0.00,0.00,89,63,61,173,0,0.00,0.00,0.00,0.00,0,0
276,0,1,2016-10-03,1,10,0,6,11,,56,13,100,30.14,1021,67,19,10,16,9,14,54,12,30.10,1019,59,15,6,9,50,,4,6,50,10,63,30.06,1018,51,11,0,0,0,0,0,3,17,31,0.00,0.00,T,T,,0,855,621,70,219,0.00,0.00,89,64,67,184,0,0.00,0.00,0.00,0.00,0,0
277,0,1,2016-10-04,0,10,0,3,11,,57,14,100,30.20,1023,74,23,10,16,17,27,52,11,30.15,1021,62,17,7,11,129,,8,13,47,8,49,30.11,1020,49,9,1,2,0,0,0,4,20,42,0.00,0.00,0.00,0.00,,0,855,622,73,230,0.00,0.00,89,65,70,195,0,0.00,0.00,0.00,0.00,0,0
278,5,0,2016-10-05,1,18,0,0,11,,64,18,93,30.11,1020,80,27,10,16,33,53,60,16,30.05,1017,70,21,8,13,175,,10,16,54,12,54,29.96,1014,60,16,0,0,5,8,5,4,20,53,0.00,0.00,0.62,15.75,,1,860,622,73,241,0.00,0.00,94,65,70,206,0,0.00,0.00,0.00,0.00,1,0
279,3,0,2016-10-06,1,17,0,0,12,,67,19,93,30.18,1022,79,26,10,16,15,24,60,16,30.13,1020,68,20,4,7,144,,5,8,53,12,64,30.09,1019,56,13,0,0,0,0,8,4,20,65,0.00,0.00,0.01,0.25,,1,863,622,73,253,0.00,0.00,97,65,70,218,0,0.00,0.00,0.00,0.00,0,0
280,1,0,2016-10-07,0,18,0,0,12,,60,16,81,30.14,1021,82,28,10,16,25,40,56,13,30.06,1018,66,19,10,16,241,,12,20,43,6,51,29.99,1015,50,10,10,16,6,10,9,4,20,77,0.00,0.00,T,T,,1,864,622,73,265,0.00,0.00,98,65,70,230,0,0.00,0.00,0.00,0.00,0,0
281,0,0,2016-10-08,0,0,0,15,12,,44,7,89,30.33,1027,58,14,10,16,24,39,37,3,30.21,1023,50,10,10,16,290,,9,15,32,0,39,30.14,1021,41,5,10,16,4,6,9,4,35,89,0.00,0.00,0.00,0.00,,1,864,622,88,277,0.00,0.00,98,65,85,242,0,0.00,0.00,0.00,0.00,0,0
282,0,0,2016-10-09,0,0,0,16,13,,40,4,92,30.42,1030,61,16,10,16,12,19,37,3,30.38,1029,49,9,10,16,356,,3,4,34,1,42,30.32,1027,37,3,10,16,0,0,9,4,51,102,0.00,0.00,0.00,0.00,,0,864,622,104,290,0.00,0.00,98,65,101,255,0,0.00,0.00,0.00,0.00,0,0
283,0,0,2016-10-10,0,0,0,14,13,,45,7,92,30.47,1032,64,18,10,16,13,21,40,4,30.40,1029,51,11,10,16,142,,6,10,34,1,46,30.33,1027,37,3,10,16,0,0,9,4,65,115,0.00,0.00,0.00,0.00,,0,864,622,118,303,0.00,0.00,98,65,115,268,0,0.00,0.00,0.00,0.00,0,0
284,0,0,2016-10-11,0,11,0,4,13,,51,11,77,30.32,1027,71,22,10,16,15,24,47,8,30.24,1024,61,16,10,16,171,,9,15,44,7,49,30.14,1021,51,11,10,16,6,10,9,4,69,128,0.00,0.00,0.00,0.00,,0,864,622,122,316,0.00,0.00,98,65,119,281,0,0.00,0.00,0.00,0.00,0,0
285,0,0,2016-10-12,0,12,0,3,14,,61,16,87,30.13,1020,73,23,10,16,30,48,54,12,29.96,1014,62,17,8,13,224,,11,18,43,6,57,29.85,1011,50,10,2,3,6,10,9,4,72,142,0.00,0.00,0.44,11.18,,1,864,622,125,330,0.00,0.00,98,65,122,295,0,0.00,0.00,0.00,0.00,1,0
286,0,0,2016-10-13,0,0,0,17,14,,45,7,92,30.35,1028,57,14,10,16,16,26,40,4,30.20,1023,48,9,10,16,304,,6,10,35,2,47,30.05,1017,38,3,10,16,0,0,9,4,89,156,0.00,0.00,0.00,0.00,,0,864,622,142,344,0.00,0.00,98,65,139,309,0,0.00,0.00,0.00,0.00,0,0
287,0,0,2016-10-14,0,0,0,17,14,,42,6,92,30.38,1029,62,17,10,16,14,23,38,3,30.31,1026,48,9,10,16,160,,6,9,32,0,43,30.20,1023,34,1,7,11,0,0,9,4,106,170,0.00,0.00,0.00,0.00,,0,864,622,159,358,0.00,0.00,98,65,156,323,0,0.00,0.00,0.00,0.00,0,0
288,0,0,2016-10-15,0,8,0,7,15,,59,15,93,30.19,1022,70,21,10,16,21,34,51,11,30.07,1018,58,14,9,15,190,,12,19,39,4,66,29.97,1015,46,8,2,4,7,11,9,4,113,185,0.00,0.00,0.00,0.00,,0,864,622,166,373,0.00,0.00,98,65,163,338,0,0.00,0.00,0.00,0.00,0,0
289,0,0,2016-10-16,0,14,0,0,15,,61,16,93,29.97,1015,68,20,10,16,24,39,61,16,29.94,1014,65,18,7,11,213,,8,13,59,15,78,29.90,1012,62,17,2,2,0,0,9,4,113,200,0.00,0.00,1.01,25.65,,1,864,622,166,388,0.00,0.00,98,65,163,353,0,0.00,0.00,0.00,0.00,1,0
290,5,0,2016-10-17,0,20,0,0,15,,65,18,100,29.91,1013,77,25,10,16,25,40,62,17,29.75,1007,70,21,8,12,184,,12,20,61,16,64,29.53,1000,63,17,1,1,0,0,14,4,113,215,0.00,0.00,T,T,,1,869,622,166,403,0.00,0.00,103,65,163,368,0,0.00,0.00,0.00,0.00,0,0
291,0,0,2016-10-18,0,16,0,1,16,,63,17,89,29.93,1013,77,25,10,16,28,45,58,14,29.65,1004,64,18,10,16,247,,15,24,50,10,56,29.54,1000,51,11,10,16,0,0,14,4,114,231,0.00,0.00,0.00,0.00,,0,869,622,167,419,0.00,0.00,103,65,164,384,0,0.00,0.00,0.00,0.00,0,0
292,0,0,2016-10-19,0,9,0,5,16,,52,11,100,30.13,1020,72,22,10,16,13,21,48,9,30.07,1018,60,16,9,14,265,,3,5,45,7,41,29.94,1014,47,8,1,1,0,0,14,4,119,247,0.00,0.00,0.01,0.25,,0,869,622,172,435,0.00,0.00,103,65,169,400,0,0.00,0.00,0.00,0.00,0,0
293,0,0,2016-10-20,0,4,0,12,16,,52,11,86,30.11,1020,56,13,10,16,16,26,49,9,30.08,1019,53,12,10,16,2,,7,11,40,4,66,30.06,1018,49,9,10,16,0,0,14,4,131,263,0.00,0.00,T,T,,1,869,622,184,451,0.00,0.00,103,65,181,416,0,0.00,0.00,0.00,0.00,0,0
294,0,0,2016-10-21,0,0,0,19,16,,39,4,71,30.11,1020,51,11,10,16,16,26,35,2,30.09,1019,46,8,10,16,346,,9,14,32,0,56,30.07,1018,41,5,10,16,4,6,14,4,150,279,0.00,0.00,T,T,,0,869,622,203,467,0.00,0.00,103,65,200,432,0,0.00,0.00,0.00,0.00,0,0
295,0,0,2016-10-22,0,0,0,20,17,,39,4,89,30.08,1019,55,13,10,16,20,32,35,2,30.04,1017,45,7,10,16,296,,9,14,32,0,46,30.00,1016,35,2,10,16,5,8,14,4,170,296,0.00,0.00,0.00,0.00,,0,869,622,223,484,0.00,0.00,103,65,220,449,0,0.00,0.00,0.00,0.00,0,0
296,0,0,2016-10-23,0,4,0,11,17,,49,9,89,30.01,1016,68,20,10,16,17,27,43,6,29.94,1014,54,12,10,15,253,,7,11,38,3,48,29.81,1009,40,4,4,6,0,0,14,4,181,313,0.00,0.00,0.00,0.00,,0,869,622,234,501,0.00,0.00,103,65,231,466,0,0.00,0.00,0.00,0.00,0,0
297,0,0,2016-10-24,0,0,0,19,17,,40,4,83,30.41,1030,55,13,10,16,17,27,36,2,30.26,1025,46,8,10,16,317,,9,14,32,0,46,30.04,1017,36,2,10,16,5,8,14,4,200,330,0.00,0.00,0.00,0.00,,0,869,622,253,518,0.00,0.00,103,65,250,483,0,0.00,0.00,0.00,0.00,0,0
298,0,0,2016-10-25,0,0,0,22,18,,34,1,89,30.49,1032,54,12,10,16,13,21,32,0,30.45,1031,43,6,10,16,327,,3,4,29,-2,46,30.41,1030,31,-1,10,16,0,0,14,4,222,348,0.00,0.00,0.00,0.00,,0,869,622,275,536,0.00,0.00,103,65,272,501,0,0.00,0.00,0.00,0.00,0,0
299,0,0,2016-10-26,0,0,0,28,18,,37,3,92,30.45,1031,40,4,10,16,24,39,34,1,30.34,1027,37,3,8,12,93,,10,17,29,-2,75,30.11,1020,34,1,3,5,4,6,14,4,250,366,T,T,0.62,15.75,,1,869,622,303,554,T,T,103,65,300,519,0,0.00,0.00,T,T,0,0
300,0,0,2016-10-27,0,0,0,25,18,,40,4,93,30.29,1026,45,7,10,16,14,23,38,3,30.12,1020,40,4,6,10,350,,6,10,34,1,76,29.98,1015,34,1,2,2,0,0,14,4,275,384,T,T,0.15,3.81,,1,869,622,328,572,T,T,103,65,325,537,0,0.00,0.00,0.00,0.00,0,0
301,0,0,2016-10-28,0,0,0,20,19,,48,9,100,30.31,1026,58,14,10,16,22,35,37,3,30.21,1023,45,7,9,14,186,,10,15,29,-2,57,29.94,1014,31,-1,2,2,0,0,14,4,295,403,T,T,0.00,0.00,,0,869,622,348,591,T,T,103,65,345,556,0,0.00,0.00,0.00,0.00,0,0
302,0,0,2016-10-29,0,11,0,3,19,,58,14,93,30.00,1016,70,21,10,16,23,37,55,13,29.92,1013,62,17,9,15,253,,13,20,49,9,68,29.86,1011,54,12,2,4,4,6,14,4,298,422,T,T,0.00,0.00,,0,869,622,351,610,T,T,103,65,348,575,0,0.00,0.00,0.00,0.00,0,0
303,0,0,2016-10-30,0,0,0,19,19,,50,10,86,30.26,1025,54,12,10,16,14,23,42,6,30.13,1020,46,8,10,16,15,,6,10,34,1,71,29.99,1015,37,3,7,11,0,0,14,4,317,441,T,T,0.10,2.54,,1,869,622,370,629,T,T,103,65,367,594,0,0.00,0.00,0.00,0.00,0,0
304,0,0,2016-10-31,0,0,0,23,20,,39,4,92,30.27,1025,54,12,10,16,17,27,35,2,30.20,1023,42,6,9,14,145,,8,12,27,-3,54,30.01,1016,30,-1,1,1,0,0,14,7,340,461,T,T,0.00,0.00,,0,869,625,393,650,T,T,103,68,390,615,0,0.00,0.00,0.00,0.00,0,0
305,0,0,2016-11-01,0,12,0,2,20,,57,14,84,30.06,1018,77,25,10,16,21,34,52,11,29.95,1014,63,17,10,16,209,,10,17,39,4,47,29.90,1012,48,9,9,14,0,0,0,0,2,20,0.00,0.00,T,T,,0,869,625,395,670,T,T,103,68,392,635,0,0.00,0.00,0.00,0.00,0,0
306,0,0,2016-11-02,1,9,0,6,20,,58,14,93,30.18,1022,64,18,10,16,16,26,56,13,30.13,1020,59,15,4,6,38,,5,7,52,11,72,30.06,1018,53,12,0,0,0,0,0,0,8,40,0.00,0.00,1.35,34.29,,1,869,625,401,690,T,T,103,68,398,655,0,0.00,0.00,0.00,0.00,1,0
307,0,0,2016-11-03,0,2,0,13,21,,51,11,93,30.30,1026,58,14,10,16,16,26,47,8,30.17,1022,52,11,9,15,336,,6,10,41,5,67,30.08,1019,45,7,4,6,0,0,0,0,21,61,0.00,0.00,0.20,5.08,,1,869,625,414,711,T,T,103,68,411,676,0,0.00,0.00,0.00,0.00,0,0
308,0,0,2016-11-04,0,0,0,19,21,,40,4,92,30.45,1031,57,14,10,16,13,21,38,3,30.38,1029,46,8,10,16,291,,6,9,33,1,51,30.32,1027,35,2,1,2,0,0,0,0,40,82,0.00,0.00,0.00,0.00,,0,869,625,433,732,T,T,103,68,430,697,0,0.00,0.00,0.00,0.00,0,0
309,0,0,2016-11-05,0,2,0,11,21,,48,9,93,30.36,1028,67,19,10,16,16,26,43,6,30.32,1027,54,12,10,16,250,,8,12,34,1,45,30.26,1025,40,4,7,11,0,0,0,0,51,103,0.00,0.00,0.00,0.00,,0,869,625,444,753,T,T,103,68,441,718,0,0.00,0.00,0.00,0.00,0,0
310,0,0,2016-11-06,1,2,0,14,22,,47,8,92,30.43,1030,68,20,10,16,9,14,39,4,30.36,1028,51,11,5,7,161,,3,5,32,0,42,30.33,1027,34,1,0,0,0,0,0,0,65,125,0.00,0.00,0.00,0.00,,0,869,625,458,775,T,T,103,68,455,740,0,0.00,0.00,0.00,0.00,0,0
311,0,0,2016-11-07,1,2,0,12,22,,47,8,93,30.43,1030,67,19,10,16,14,23,41,5,30.36,1028,53,12,5,8,165,,4,6,37,3,42,30.24,1024,39,4,0,0,0,0,0,0,77,147,0.00,0.00,0.00,0.00,,0,869,625,470,797,T,T,103,68,467,762,0,0.00,0.00,0.00,0.00,0,0
312,0,0,2016-11-08,0,2,0,13,22,,49,9,83,30.22,1023,59,15,10,16,20,32,43,6,30.12,1020,52,11,10,16,276,,10,16,38,3,63,30.04,1017,44,7,8,13,0,0,0,0,90,169,0.00,0.00,T,T,,1,869,625,483,819,T,T,103,68,480,784,0,0.00,0.00,0.00,0.00,0,0
313,0,0,2016-11-09,0,0,0,17,23,,37,3,76,30.29,1026,56,13,10,16,18,29,34,1,30.23,1024,48,9,10,16,316,,9,14,31,-1,41,30.17,1022,40,4,10,16,5,8,0,0,107,192,0.00,0.00,0.00,0.00,,0,869,625,500,842,T,T,103,68,497,807,0,0.00,0.00,0.00,0.00,0,0
314,0,0,2016-11-10,0,2,0,13,23,,42,6,79,30.17,1022,64,18,10,16,29,47,35,2,29.98,1015,52,11,10,16,243,,15,24,28,-2,26,29.83,1010,40,4,10,16,8,13,0,0,120,215,0.00,0.00,0.00,0.00,,0,869,625,513,865,T,T,103,68,510,830,0,0.00,0.00,0.00,0.00,0,0
315,0,0,2016-11-11,0,0,0,22,24,,41,5,71,30.45,1031,54,12,10,16,21,34,29,-2,30.22,1023,43,6,10,16,347,,9,15,21,-6,36,29.91,1013,31,-1,10,16,0,0,0,0,142,239,0.00,0.00,0.00,0.00,,0,869,625,535,889,T,T,103,68,532,854,0,0.00,0.00,0.00,0.00,0,0
316,0,0,2016-11-12,0,0,0,28,24,,31,-1,84,30.48,1032,49,9,10,16,17,27,26,-3,30.38,1029,37,3,10,16,240,,7,11,22,-6,42,30.22,1023,25,-4,10,16,0,0,0,0,170,263,0.00,0.00,0.00,0.00,,0,869,625,563,913,T,T,103,68,560,878,0,0.00,0.00,0.00,0.00,0,0
317,0,0,2016-11-13,0,0,0,19,24,,34,1,82,30.21,1023,57,14,10,16,21,34,28,-2,30.12,1020,46,8,10,16,227,,13,21,24,-4,28,29.99,1015,35,2,10,16,9,14,0,0,189,287,0.00,0.00,0.00,0.00,,0,869,625,582,937,T,T,103,68,579,902,0,0.00,0.00,0.00,0.00,0,0
318,0,0,2016-11-14,0,0,0,16,25,,37,3,70,30.00,1016,58,14,10,16,15,24,33,1,29.94,1014,49,9,10,16,205,,8,13,28,-2,47,29.89,1012,39,4,10,16,5,8,0,0,205,312,0.00,0.00,0.00,0.00,,0,869,625,598,962,T,T,103,68,595,927,0,0.00,0.00,0.00,0.00,0,0
319,0,0,2016-11-15,0,0,0,17,25,,44,7,89,29.91,1013,60,16,10,16,17,27,40,4,29.87,1011,48,9,7,11,248,,5,8,33,1,55,29.82,1010,36,2,3,5,0,0,0,0,222,337,0.00,0.00,0.00,0.00,,0,869,625,615,987,T,T,103,68,612,952,0,0.00,0.00,0.00,0.00,0,0
320,0,0,2016-11-16,1,0,0,19,26,,43,6,93,30.01,1016,57,14,10,16,13,21,40,4,29.91,1013,46,8,4,7,280,,4,6,32,0,57,29.85,1011,35,2,0,0,0,0,0,0,241,363,0.00,0.00,0.00,0.00,,0,869,625,634,1013,T,T,103,68,631,978,0,0.00,0.00,0.00,0.00,0,0
321,0,0,2016-11-17,0,0,0,15,26,,48,9,92,30.02,1016,65,18,10,16,22,35,42,6,29.94,1014,50,10,8,13,159,,11,18,33,1,48,29.86,1011,35,2,4,6,5,8,0,0,256,389,0.00,0.00,0.00,0.00,,0,869,625,649,1039,T,T,103,68,646,1004,0,0.00,0.00,0.00,0.00,0,0
322,0,0,2016-11-18,0,14,0,5,26,,57,14,84,29.91,1013,72,22,10,16,33,53,49,9,29.83,1010,60,16,9,15,198,,14,22,41,5,47,29.71,1006,48,9,2,3,8,13,0,0,261,415,0.00,0.00,0.30,7.62,,1,869,625,654,1065,T,T,103,68,651,1030,0,0.00,0.00,0.00,0.00,1,0
323,0,0,2016-11-19,0,0,0,25,27,,37,3,82,30.12,1020,48,9,10,16,29,47,27,-3,29.93,1013,40,4,8,14,279,,19,31,19,-7,59,29.80,1009,31,-1,2,3,14,23,0,0,286,442,T,T,T,T,,0,869,625,679,1092,T,T,103,68,676,1057,1,0.00,0.00,T,T,0,0
324,0,0,2016-11-20,0,0,0,35,27,,21,-6,69,30.24,1024,32,0,10,16,24,39,18,-8,30.19,1022,30,-1,10,16,314,,15,24,16,-9,49,30.11,1020,28,-2,10,16,8,13,0,0,321,469,T,T,T,T,,0,869,625,714,1119,T,T,103,68,711,1084,0,0.00,0.00,T,T,0,0
325,0,0,2016-11-21,0,0,0,34,28,,19,-7,74,30.31,1026,38,3,10,16,20,32,17,-8,30.26,1025,31,-1,10,16,307,,10,16,15,-9,44,30.22,1023,24,-4,10,16,6,10,0,0,355,497,T,T,0.00,0.00,,0,869,625,748,1147,T,T,103,68,745,1112,0,0.00,0.00,0.00,0.00,0,0
326,0,0,2016-11-22,0,0,0,35,28,,22,-6,84,30.41,1030,40,4,10,16,9,14,19,-7,30.35,1028,30,-1,10,16,303,,3,5,16,-9,48,30.31,1026,20,-7,10,16,0,0,0,0,390,525,T,T,0.00,0.00,,0,869,625,783,1175,T,T,103,68,780,1140,0,0.00,0.00,0.00,0.00,0,0
327,0,0,2016-11-23,0,0,0,33,28,,35,2,92,30.31,1026,38,3,10,16,17,27,30,-1,30.14,1021,32,0,7,11,125,,10,16,19,-7,63,29.96,1014,25,-4,3,5,5,8,0,0,423,553,T,T,0.50,12.70,,1,869,625,816,1203,T,T,103,68,813,1168,0,0.00,0.00,T,T,0,0
328,0,0,2016-11-24,0,0,0,24,29,,40,4,93,30.21,1023,44,7,10,16,16,26,38,3,30.09,1019,41,5,4,7,230,,9,14,35,2,82,29.95,1014,38,3,1,2,4,6,0,0,447,582,T,T,0.05,1.27,,1,869,625,840,1232,T,T,103,68,837,1197,0,0.00,0.00,0.00,0.00,0,0
329,0,0,2016-11-25,0,0,0,26,29,,36,2,92,30.28,1025,41,5,10,16,13,21,35,2,30.24,1024,39,4,8,14,255,,9,15,33,1,73,30.20,1023,37,3,6,10,6,10,0,0,473,611,T,T,0.04,1.02,,1,869,625,866,1261,T,T,103,68,863,1226,0,0.00,0.00,0.00,0.00,0,0
330,0,0,2016-11-26,0,0,0,29,30,,33,1,89,30.32,1027,40,4,10,16,17,27,31,-1,30.26,1025,36,2,10,16,252,,8,14,28,-2,64,30.20,1023,32,0,9,14,4,6,0,0,502,641,T,T,0.00,0.00,,0,869,625,895,1291,T,T,103,68,892,1256,0,0.00,0.00,0.00,0.00,0,0
331,0,0,2016-11-27,0,0,0,27,30,,35,2,92,30.21,1023,46,8,9,14,13,21,32,0,30.10,1019,38,3,7,11,180,,7,11,28,-2,70,29.94,1014,30,-1,4,6,5,8,0,0,529,671,T,T,0.00,0.00,,0,869,625,922,1321,T,T,103,68,919,1286,0,0.00,0.00,0.00,0.00,0,0
332,0,0,2016-11-28,0,0,0,21,31,,46,8,92,29.91,1013,50,10,10,16,30,48,38,3,29.63,1003,44,7,8,12,154,,16,26,29,-2,64,29.25,990,37,3,2,4,9,14,0,0,550,702,T,T,0.49,12.45,,1,869,625,943,1352,T,T,103,68,940,1317,0,0.00,0.00,0.00,0.00,0,0
333,0,0,2016-11-29,0,1,0,12,31,,46,8,86,29.67,1005,58,14,10,16,36,58,42,6,29.53,1000,53,12,9,14,182,,14,22,36,2,47,29.29,992,47,8,3,5,6,10,0,0,562,733,T,T,0.23,5.84,,1,869,625,955,1383,T,T,103,68,952,1348,0,0.00,0.00,0.00,0.00,1,0
334,0,0,2016-11-30,0,0,0,20,31,,43,6,96,29.63,1003,52,11,10,16,24,39,38,3,29.59,1002,45,7,8,13,220,,10,16,29,-2,56,29.51,999,37,3,2,4,0,0,0,0,582,764,T,T,T,T,,0,869,625,975,1414,T,T,103,68,972,1379,0,0.00,0.00,0.00,0.00,0,0
335,0,0,2016-12-01,0,0,0,26,32,,36,2,92,29.92,1013,42,6,10,16,20,32,33,1,29.77,1008,39,4,10,16,243,,13,21,30,-1,70,29.63,1003,35,2,5,8,10,16,0,0,26,32,T,T,0.01,0.25,,1,869,625,1001,1446,T,T,,,,,0,0.00,0.00,T,T,0,0
336,0,0,2016-12-02,0,0,0,28,32,,34,1,85,30.29,1026,39,4,10,16,21,34,30,-1,30.06,1018,37,3,10,16,271,,11,18,25,-4,59,29.90,1012,35,2,7,11,7,11,0,0,54,64,T,T,T,T,,1,869,625,1029,1478,T,T,,,,,0,0.00,0.00,0.00,0.00,0,0
337,0,0,2016-12-03,0,0,0,29,33,,30,-1,82,30.35,1028,37,3,10,16,13,21,27,-3,30.31,1026,36,2,10,16,262,,6,10,25,-4,64,30.28,1025,35,2,10,16,0,0,0,0,83,97,T,T,T,T,,0,869,625,1058,1511,T,T,,,,,0,0.00,0.00,T,T,0,0
338,0,0,2016-12-04,1,0,0,30,33,,31,-1,92,30.30,1026,37,3,10,16,15,24,28,-2,30.03,1017,35,2,5,8,152,,6,9,24,-4,59,29.83,1010,32,0,0,0,0,0,0,0,113,130,2.50,6.35,0.36,9.14,,0,869,625,1088,1544,2.50,6.35,,,,,1,0.00,0.00,2.50,6.35,0,0
339,0,0,2016-12-05,0,0,0,32,33,,32,0,92,30.09,1019,39,4,10,16,16,26,30,-1,29.98,1015,33,1,8,13,230,,9,14,24,-4,70,29.83,1010,27,-3,2,4,0,0,0,0,145,163,2.50,6.35,T,T,,0,869,625,1120,1577,2.50,6.35,,,,,1,T,T,T,T,0,0
340,0,0,2016-12-06,0,0,0,32,34,,34,1,92,30.04,1017,42,6,10,16,23,37,29,-2,29.84,1010,33,1,8,13,136,,9,15,21,-6,64,29.73,1007,23,-5,4,6,0,0,0,0,177,197,2.50,6.35,0.00,0.00,,0,869,625,1152,1611,2.50,6.35,,,,,0,T,T,0.00,0.00,0,0
341,0,0,2016-12-07,0,0,0,31,34,,23,-5,69,30.04,1017,38,3,10,16,25,40,21,-6,29.98,1015,34,1,10,16,251,,17,28,20,-7,48,29.88,1012,30,-1,10,16,13,21,0,0,208,231,2.50,6.35,0.00,0.00,,0,869,625,1183,1645,2.50,6.35,,,,,0,0.00,0.00,0.00,0.00,0,0
342,0,0,2016-12-08,0,0,0,37,34,,23,-5,84,30.28,1025,30,-1,10,16,26,42,20,-7,30.14,1021,28,-2,5,9,267,,17,27,16,-9,63,30.04,1017,25,-4,0,1,10,16,0,0,245,265,3.50,8.89,0.04,1.02,,0,869,625,1220,1679,3.50,8.89,,,,,1,0.00,0.00,1.00,2.54,0,0
343,0,0,2016-12-09,0,0,0,38,35,,24,-4,92,30.46,1031,30,-1,10,16,17,27,20,-7,30.38,1029,27,-3,7,12,276,,10,16,15,-9,58,30.26,1025,23,-5,1,2,6,10,0,0,283,300,3.70,9.40,0.01,0.25,,0,869,625,1258,1714,3.70,9.40,,,,,1,1.00,2.54,0.20,0.51,0,0
344,0,0,2016-12-10,0,0,0,42,35,,19,-7,84,30.48,1032,26,-3,10,16,17,27,17,-8,30.43,1030,23,-5,5,8,241,,9,14,15,-9,74,30.37,1028,20,-7,1,1,5,8,0,0,325,335,4.80,12.19,0.04,1.02,,0,869,625,1300,1749,4.80,12.19,,,,,1,2.00,5.08,1.10,2.79,0,0
345,0,0,2016-12-11,1,0,0,39,35,,27,-3,92,30.39,1029,30,-1,4,6,17,27,21,-6,30.06,1018,26,-3,2,2,163,,10,17,16,-9,81,29.72,1006,22,-6,0,0,6,10,0,0,364,370,12.20,30.99,0.55,13.97,,0,869,625,1339,1784,12.20,30.99,,,,,1,4.00,10.16,7.40,18.80,0,0
346,0,0,2016-12-12,0,0,0,37,36,,31,-1,92,30.12,1020,34,1,10,16,26,42,24,-4,29.86,1011,28,-2,6,10,248,,14,22,16,-9,68,29.70,1006,22,-6,2,2,6,10,0,0,401,406,12.20,30.99,0.03,0.76,,0,869,625,1376,1820,12.20,30.99,,,,,1,10.00,25.40,T,T,0,0
347,0,0,2016-12-13,0,0,0,47,36,,20,-7,88,30.17,1022,27,-3,10,16,22,35,13,-11,30.07,1018,18,-8,6,10,233,,11,17,4,-16,60,30.01,1016,9,-13,1,2,0,0,0,0,448,442,12.40,31.50,0.02,0.51,,0,869,625,1423,1856,12.40,31.50,,,,,1,0.00,0.00,0.20,0.51,0,0
348,0,0,2016-12-14,0,0,0,50,36,,15,-9,80,30.18,1022,21,-6,10,16,30,48,9,-13,30.01,1016,15,-9,4,6,254,,17,27,-1,-18,62,29.91,1013,9,-13,0,0,8,13,0,0,498,478,13.80,35.05,0.05,1.27,,0,869,625,1473,1892,13.80,35.05,,,,,1,0.00,0.00,1.40,3.56,0,0
349,0,0,2016-12-15,0,0,0,55,37,,3,-16,86,30.40,1029,17,-8,10,16,28,45,0,-18,30.26,1025,10,-12,9,15,270,,11,18,-5,-21,58,30.03,1017,3,-16,2,4,0,0,0,0,553,515,13.80,35.05,T,T,,0,869,625,1528,1929,13.80,35.05,,,,,1,7.00,17.78,T,T,0,0
350,0,0,2016-12-16,0,0,0,52,37,,11,-12,80,30.38,1029,18,-8,10,16,17,27,6,-14,30.13,1020,13,-11,5,8,158,,9,15,-1,-18,47,29.81,1009,7,-14,0,1,5,8,0,0,605,552,15.40,39.12,0.20,5.08,,0,869,625,1580,1966,15.40,39.12,,,,,1,5.00,12.70,1.60,4.06,0,0
351,0,0,2016-12-17,1,0,0,44,37,,20,-7,88,29.81,1009,26,-3,10,16,14,23,16,-9,29.73,1007,21,-6,4,7,259,,4,7,11,-12,74,29.67,1005,16,-9,0,1,0,0,0,0,649,589,16.00,40.64,0.06,1.52,,1,869,625,1624,2003,16.00,40.64,,,,,1,7.00,17.78,0.60,1.52,0,0
352,0,0,2016-12-18,0,0,0,50,38,,16,-9,84,30.65,1038,21,-6,10,16,16,26,9,-13,30.24,1024,15,-9,10,15,298,,8,13,4,-16,56,29.82,1010,8,-13,5,8,5,8,0,0,699,627,16.00,40.64,T,T,,0,869,625,1674,2041,16.00,40.64,,,,,1,6.00,15.24,T,T,0,0
353,0,0,2016-12-19,0,0,0,54,38,,6,-14,80,30.75,1041,14,-10,10,16,20,32,-1,-18,30.66,1038,11,-12,10,16,212,,12,19,-11,-24,38,30.52,1033,8,-13,7,11,6,10,0,0,753,665,16.00,40.64,T,T,,0,869,625,1728,2079,16.00,40.64,,,,,1,5.00,12.70,T,T,0,0
354,0,0,2016-12-20,0,0,0,45,38,,16,-9,68,30.50,1033,31,-1,10,16,33,53,5,-15,30.22,1023,20,-7,10,16,218,,17,28,-6,-21,35,30.07,1018,9,-13,9,14,12,19,0,0,798,703,16.00,40.64,0.00,0.00,,0,869,625,1773,2117,16.00,40.64,,,,,0,5.00,12.70,0.00,0.00,0,0
355,0,0,2016-12-21,0,0,0,38,38,,24,-4,88,30.19,1022,33,1,10,16,18,29,20,-7,30.07,1018,27,-3,8,13,208,,10,16,16,-9,61,29.85,1011,20,-7,5,8,5,8,0,0,836,741,16.00,40.64,0.00,0.00,,0,869,625,1811,2155,16.00,40.64,,,,,0,5.00,12.70,0.00,0.00,0,0
356,0,0,2016-12-22,0,0,0,31,39,,28,-2,78,30.33,1027,39,4,10,16,18,29,26,-3,30.13,1020,34,1,10,15,266,,11,18,23,-5,59,29.89,1012,29,-2,7,11,7,11,0,0,867,780,16.00,40.64,0.00,0.00,,0,869,625,1842,2194,16.00,40.64,,,,,0,5.00,12.70,0.00,0.00,0,0
357,0,0,2016-12-23,0,0,0,33,39,,31,-1,82,30.35,1028,36,2,10,16,15,24,25,-4,30.20,1023,32,0,7,11,181,,10,15,20,-7,64,29.98,1015,27,-3,3,5,5,8,0,0,900,819,16.00,40.64,0.08,2.03,,1,869,625,1875,2233,16.00,40.64,,,,,0,4.00,10.16,T,T,0,0
358,0,0,2016-12-24,0,0,0,29,39,,32,0,89,30.44,1031,38,3,10,16,15,24,31,-1,30.15,1021,36,2,7,11,261,,7,12,29,-2,76,29.92,1013,34,1,2,3,0,0,0,0,929,858,16.00,40.64,0.07,1.78,,1,869,625,1904,2272,16.00,40.64,,,,,1,4.00,10.16,T,T,0,0
359,0,0,2016-12-25,0,0,0,30,39,,31,-1,89,30.53,1034,36,2,10,16,22,35,29,-2,30.45,1031,35,2,9,15,106,,12,19,28,-2,75,30.28,1025,33,1,3,5,4,6,0,0,959,897,16.00,40.64,0.05,1.27,,1,869,625,1934,2311,16.00,40.64,,,,,0,3.00,7.62,0.00,0.00,0,0
360,0,0,2016-12-26,0,0,0,20,40,,51,11,96,30.26,1025,55,13,10,16,35,56,40,4,29.96,1014,45,7,5,9,188,,20,32,22,-6,53,29.80,1009,34,1,1,1,10,16,0,0,979,937,16.00,40.64,0.18,4.57,,1,869,625,1954,2351,16.00,40.64,,,,,0,T,T,0.00,0.00,0,0
361,0,0,2016-12-27,0,0,0,34,40,,22,-6,75,30.14,1021,34,1,10,16,33,53,20,-7,30.04,1017,31,-1,10,16,274,,17,27,19,-7,61,29.90,1012,27,-3,10,16,8,13,0,0,1013,977,16.00,40.64,T,T,,0,869,625,1988,2391,16.00,40.64,,,,,0,0.00,0.00,T,T,0,0
362,0,0,2016-12-28,0,0,0,32,40,,27,-3,75,30.19,1022,39,4,10,16,24,39,22,-6,30.01,1016,33,1,10,16,188,,10,17,19,-7,50,29.71,1006,26,-3,10,16,0,0,0,0,1045,1017,16.00,40.64,0.00,0.00,,0,869,625,2020,2431,16.00,40.64,,,,,0,0.00,0.00,0.00,0.00,0,0
363,0,0,2016-12-29,0,0,0,31,40,,29,-2,78,29.82,1010,38,3,10,16,29,47,25,-4,29.71,1006,34,1,9,15,267,,17,27,21,-6,64,29.64,1004,29,-2,2,4,12,19,0,0,1076,1057,16.10,40.89,T,T,,0,869,625,2051,2471,16.10,40.89,,,,,1,0.00,0.00,0.10,0.25,0,0
364,0,0,2016-12-30,0,0,0,37,40,,21,-6,75,29.99,1015,30,-1,10,16,23,37,18,-8,29.92,1013,28,-2,8,13,269,,14,23,14,-10,58,29.80,1009,26,-3,1,2,7,11,0,0,1113,1097,16.10,40.89,T,T,,0,869,625,2088,2511,16.10,40.89,,,,,1,0.00,0.00,T,T,0,0
365,0,0,2016-12-31,0,0,0,29,40,,27,-3,70,29.92,1013,43,6,10,16,26,42,21,-6,29.67,1005,36,2,10,16,251,,16,26,18,-8,45,29.55,1001,28,-2,10,16,9,14,0,0,1142,1137,16.10,40.89,0.00,0.00,,0,869,625,2117,2552,16.10,40.89,,,,,0,0.00,0.00,0.00,0.00,0,0
